job_id,source_job_id,classification_type,classification_code
JT0001,1,主な厚労省編職業分類,12_072-06
JT0001,1,厚労省編職業分類１,12_072-06
JT0001,1,主な日本標準職業分類,H533
JT0001,1,日本標準職業分類１,H533
JT0002,2,主な厚労省編職業分類,12_072-01
JT0002,2,厚労省編職業分類１,12_068-01
JT0002,2,厚労省編職業分類２,12_072-01
JT0002,2,主な日本標準職業分類,H533
JT0002,2,日本標準職業分類１,H503
JT0002,2,日本標準職業分類２,H533
JT0003,3,主な厚労省編職業分類,12_072-01
JT0003,3,厚労省編職業分類１,12_072-01
JT0003,3,厚労省編職業分類２,09_055-02
JT0003,3,厚労省編職業分類３,12_068-01
JT0003,3,主な日本標準職業分類,H533
JT0003,3,日本標準職業分類１,H533
JT0003,3,日本標準職業分類２,E391
JT0003,3,日本標準職業分類３,H503
JT0004,4,主な厚労省編職業分類,12_072-01
JT0004,4,厚労省編職業分類１,12_072-01
JT0004,4,主な日本標準職業分類,H533
JT0004,4,日本標準職業分類１,H533
JT0005,5,主な厚労省編職業分類,12_072-06
JT0005,5,厚労省編職業分類１,12_068-01
JT0005,5,厚労省編職業分類２,12_072-06
JT0005,5,主な日本標準職業分類,H533
JT0005,5,日本標準職業分類１,H503
JT0005,5,日本標準職業分類２,H533
JT0006,6,主な厚労省編職業分類,12_072-03
JT0006,6,厚労省編職業分類１,12_072-03
JT0006,6,主な日本標準職業分類,H533
JT0006,6,日本標準職業分類１,H533
JT0007,7,主な厚労省編職業分類,12_072-04
JT0007,7,厚労省編職業分類１,12_068-01
JT0007,7,厚労省編職業分類２,12_072-04
JT0007,7,主な日本標準職業分類,H533
JT0007,7,日本標準職業分類１,H503
JT0007,7,日本標準職業分類２,H533
JT0008,8,主な厚労省編職業分類,12_072-05
JT0008,8,厚労省編職業分類１,12_072-05
JT0008,8,主な日本標準職業分類,H533
JT0008,8,日本標準職業分類１,H533
JT0009,9,主な厚労省編職業分類,12_072-07
JT0009,9,厚労省編職業分類１,12_072-07
JT0009,9,主な日本標準職業分類,H534
JT0009,9,日本標準職業分類１,H534
JT0010,10,主な厚労省編職業分類,12_072-06
JT0010,10,厚労省編職業分類１,12_072-06
JT0010,10,主な日本標準職業分類,H533
JT0010,10,日本標準職業分類１,H533
JT0011,11,主な厚労省編職業分類,12_072-06
JT0011,11,厚労省編職業分類１,12_072-06
JT0011,11,主な日本標準職業分類,H533
JT0011,11,日本標準職業分類１,H533
JT0012,12,主な厚労省編職業分類,12_072-02
JT0012,12,厚労省編職業分類１,12_072-02
JT0012,12,主な日本標準職業分類,H533
JT0012,12,日本標準職業分類１,H533
JT0013,13,主な厚労省編職業分類,12_072-07
JT0013,13,厚労省編職業分類１,12_072-07
JT0013,13,主な日本標準職業分類,H534
JT0013,13,日本標準職業分類１,H534
JT0014,14,主な厚労省編職業分類,12_072-07
JT0014,14,厚労省編職業分類１,12_072-07
JT0014,14,主な日本標準職業分類,H534
JT0014,14,日本標準職業分類１,H534
JT0015,15,主な厚労省編職業分類,12_072-04
JT0015,15,厚労省編職業分類１,12_068-01
JT0015,15,厚労省編職業分類２,12_072-04
JT0015,15,主な日本標準職業分類,H533
JT0015,15,日本標準職業分類１,H503
JT0015,15,日本標準職業分類２,H533
JT0016,16,主な厚労省編職業分類,12_072-06
JT0016,16,厚労省編職業分類１,12_072-06
JT0016,16,主な日本標準職業分類,H533
JT0016,16,日本標準職業分類１,H533
JT0017,17,主な厚労省編職業分類,12_073-02
JT0017,17,厚労省編職業分類１,12_069-02
JT0017,17,厚労省編職業分類２,12_073-02
JT0017,17,主な日本標準職業分類,H532
JT0017,17,日本標準職業分類１,H502
JT0017,17,日本標準職業分類２,H532
JT0018,18,主な厚労省編職業分類,12_073-02
JT0018,18,厚労省編職業分類１,12_069-02
JT0018,18,厚労省編職業分類２,12_073-02
JT0018,18,主な日本標準職業分類,H532
JT0018,18,日本標準職業分類１,H502
JT0018,18,日本標準職業分類２,H532
JT0019,19,主な厚労省編職業分類,12_073-08
JT0019,19,厚労省編職業分類１,12_069-06
JT0019,19,厚労省編職業分類２,12_073-08
JT0019,19,主な日本標準職業分類,H538
JT0019,19,日本標準職業分類１,H508
JT0019,19,日本標準職業分類２,H538
JT0020,20,主な厚労省編職業分類,02_008-01
JT0020,20,厚労省編職業分類１,02_008-01
JT0020,20,主な日本標準職業分類,B091
JT0020,20,日本標準職業分類１,B091
JT0021,21,主な厚労省編職業分類,02_008-02
JT0021,21,厚労省編職業分類１,02_008-02
JT0021,21,主な日本標準職業分類,B091
JT0021,21,日本標準職業分類１,B091
JT0022,22,主な厚労省編職業分類,02_008-04
JT0022,22,厚労省編職業分類１,02_008-04
JT0022,22,主な日本標準職業分類,B092
JT0022,22,日本標準職業分類１,B092
JT0023,23,主な厚労省編職業分類,02_008-05
JT0023,23,厚労省編職業分類１,02_008-05
JT0023,23,主な日本標準職業分類,B092
JT0023,23,日本標準職業分類１,B092
JT0024,24,主な厚労省編職業分類,02_008-07
JT0024,24,厚労省編職業分類１,02_008-07
JT0024,24,主な日本標準職業分類,B093
JT0024,24,日本標準職業分類１,B093
JT0025,25,主な厚労省編職業分類,12_080-04
JT0025,25,厚労省編職業分類１,12_080-04
JT0025,25,厚労省編職業分類２,12_080-05
JT0025,25,主な日本標準職業分類,H591
JT0025,25,日本標準職業分類１,H591
JT0025,25,日本標準職業分類２,H591
JT0026,26,主な厚労省編職業分類,14_091-01
JT0026,26,厚労省編職業分類１,14_091-01
JT0026,26,主な日本標準職業分類,J661
JT0026,26,日本標準職業分類１,J661
JT0027,27,主な厚労省編職業分類,14_090-01
JT0027,27,厚労省編職業分類１,14_090-01
JT0027,27,主な日本標準職業分類,J651
JT0027,27,日本標準職業分類１,J651
JT0028,28,主な厚労省編職業分類,14_090-04
JT0028,28,厚労省編職業分類１,14_090-04
JT0028,28,主な日本標準職業分類,J653
JT0028,28,日本標準職業分類１,J653
JT0028,28,日本標準職業分類２,J653
JT0029,29,主な厚労省編職業分類,12_071-08
JT0029,29,厚労省編職業分類１,12_067-05
JT0029,29,厚労省編職業分類２,12_071-08
JT0029,29,主な日本標準職業分類,H525
JT0029,29,日本標準職業分類１,H495
JT0029,29,日本標準職業分類２,H525
JT0030,30,主な厚労省編職業分類,14_090-02
JT0030,30,厚労省編職業分類１,14_090-02
JT0030,30,主な日本標準職業分類,J652
JT0030,30,日本標準職業分類１,J652
JT0031,31,主な厚労省編職業分類,13_089-05
JT0031,31,厚労省編職業分類１,13_089-05
JT0031,31,厚労省編職業分類２,13_083-04
JT0031,31,厚労省編職業分類３,13_089-04
JT0031,31,主な日本標準職業分類,I645
JT0031,31,日本標準職業分類１,I645
JT0031,31,日本標準職業分類２,I613
JT0031,31,日本標準職業分類３,I643
JT0032,32,主な厚労省編職業分類,14_092-01
JT0032,32,厚労省編職業分類１,14_092-01
JT0032,32,主な日本標準職業分類,J681
JT0032,32,日本標準職業分類１,J681
JT0033,33,主な厚労省編職業分類,14_091-99
JT0033,33,厚労省編職業分類１,14_091-99
JT0033,33,厚労省編職業分類２,11_066-01
JT0033,33,厚労省編職業分類３,10_061-01
JT0033,33,厚労省編職業分類４,10_063-99
JT0033,33,主な日本標準職業分類,J669
JT0033,33,日本標準職業分類１,J669
JT0033,33,日本標準職業分類２,G481
JT0033,33,日本標準職業分類３,F442
JT0033,33,日本標準職業分類４,F459
JT0035,35,主な厚労省編職業分類,13_089-05
JT0035,35,厚労省編職業分類１,13_089-05
JT0035,35,主な日本標準職業分類,I645
JT0035,35,日本標準職業分類１,I645
JT0036,36,主な厚労省編職業分類,14_092-02
JT0036,36,厚労省編職業分類１,14_092-02
JT0036,36,主な日本標準職業分類,J681
JT0036,36,日本標準職業分類１,J681
JT0037,37,主な厚労省編職業分類,14_091-02
JT0037,37,厚労省編職業分類１,14_091-02
JT0037,37,主な日本標準職業分類,J662
JT0037,37,日本標準職業分類１,J662
JT0038,38,主な厚労省編職業分類,14_091-02
JT0038,38,厚労省編職業分類１,14_091-02
JT0038,38,主な日本標準職業分類,J662
JT0038,38,日本標準職業分類１,J662
JT0039,39,主な厚労省編職業分類,14_091-04
JT0039,39,厚労省編職業分類１,14_091-04
JT0039,39,主な日本標準職業分類,J664
JT0039,39,日本標準職業分類１,J664
JT0040,40,主な厚労省編職業分類,12_071-10
JT0040,40,厚労省編職業分類１,12_071-10
JT0040,40,主な日本標準職業分類,H526
JT0040,40,日本標準職業分類１,H526
JT0041,41,主な厚労省編職業分類,14_091-07
JT0041,41,厚労省編職業分類１,14_091-07
JT0041,41,主な日本標準職業分類,J669
JT0041,41,日本標準職業分類１,J669
JT0042,42,主な厚労省編職業分類,14_091-07
JT0042,42,厚労省編職業分類１,14_091-07
JT0042,42,主な日本標準職業分類,J669
JT0042,42,日本標準職業分類１,J669
JT0043,43,主な厚労省編職業分類,12_080-01
JT0043,43,厚労省編職業分類１,12_080-01
JT0043,43,主な日本標準職業分類,H591
JT0043,43,日本標準職業分類１,H591
JT0044,44,主な厚労省編職業分類,14_091-08
JT0044,44,厚労省編職業分類１,14_091-08
JT0044,44,主な日本標準職業分類,J669
JT0044,44,日本標準職業分類１,J669
JT0045,45,主な厚労省編職業分類,14_091-99
JT0045,45,厚労省編職業分類１,14_091-99
JT0045,45,主な日本標準職業分類,J669
JT0045,45,日本標準職業分類１,J669
JT0046,46,主な厚労省編職業分類,14_094-05
JT0046,46,厚労省編職業分類１,14_094-05
JT0046,46,主な日本標準職業分類,J679
JT0046,46,日本標準職業分類１,J679
JT0047,47,主な厚労省編職業分類,14_091-06
JT0047,47,厚労省編職業分類１,14_091-06
JT0047,47,主な日本標準職業分類,J666
JT0047,47,日本標準職業分類１,J666
JT0048,48,主な厚労省編職業分類,12_074-01
JT0048,48,厚労省編職業分類１,12_074-01
JT0048,48,主な日本標準職業分類,H541
JT0048,48,日本標準職業分類１,H541
JT0049,49,主な厚労省編職業分類,14_092-03
JT0049,49,厚労省編職業分類１,14_092-03
JT0049,49,主な日本標準職業分類,J682
JT0049,49,日本標準職業分類１,J682
JT0050,50,主な厚労省編職業分類,14_094-01
JT0050,50,厚労省編職業分類１,14_094-01
JT0050,50,主な日本標準職業分類,J671
JT0050,50,日本標準職業分類１,J671
JT0051,51,主な厚労省編職業分類,14_090-03
JT0051,51,厚労省編職業分類１,14_090-03
JT0051,51,主な日本標準職業分類,J652
JT0051,51,日本標準職業分類１,J652
JT0052,52,主な厚労省編職業分類,09_056-02
JT0052,52,厚労省編職業分類１,09_056-02
JT0052,52,主な日本標準職業分類,E402
JT0052,52,日本標準職業分類１,E402
JT0053,53,主な厚労省編職業分類,01_002-01
JT0053,53,厚労省編職業分類１,01_002-01
JT0053,53,主な日本標準職業分類,A031
JT0053,53,日本標準職業分類１,A031
JT0054,54,主な厚労省編職業分類,07_045-02
JT0054,54,厚労省編職業分類１,07_045-02
JT0054,54,主な日本標準職業分類,D323
JT0054,54,日本標準職業分類１,D323
JT0055,55,主な厚労省編職業分類,07_044-01
JT0055,55,厚労省編職業分類１,01_002-01
JT0055,55,厚労省編職業分類２,07_044-01
JT0055,55,主な日本標準職業分類,D321
JT0055,55,日本標準職業分類１,A031
JT0055,55,日本標準職業分類２,D321
JT0056,56,主な厚労省編職業分類,07_045-01
JT0056,56,厚労省編職業分類１,07_045-01
JT0056,56,主な日本標準職業分類,D323
JT0056,56,日本標準職業分類１,D323
JT0057,57,主な厚労省編職業分類,07_045-05
JT0057,57,厚労省編職業分類１,07_045-05
JT0057,57,主な日本標準職業分類,D323
JT0057,57,日本標準職業分類１,D323
JT0058,58,主な厚労省編職業分類,07_048-99
JT0058,58,厚労省編職業分類１,07_047-99
JT0058,58,厚労省編職業分類２,07_048-99
JT0058,58,主な日本標準職業分類,D349
JT0058,58,日本標準職業分類１,D339
JT0058,58,日本標準職業分類２,D349
JT0059,59,主な厚労省編職業分類,07_048-08
JT0059,59,厚労省編職業分類１,07_048-08
JT0059,59,主な日本標準職業分類,D347
JT0059,59,日本標準職業分類１,D347
JT0060,60,主な厚労省編職業分類,07_048-05
JT0060,60,厚労省編職業分類１,07_048-05
JT0060,60,厚労省編職業分類２,07_045-12
JT0060,60,主な日本標準職業分類,D344
JT0060,60,日本標準職業分類１,D344
JT0060,60,日本標準職業分類２,D323
JT0061,61,主な厚労省編職業分類,07_048-09
JT0061,61,厚労省編職業分類１,07_048-09
JT0061,61,主な日本標準職業分類,D349
JT0061,61,日本標準職業分類１,D349
JT0062,62,主な厚労省編職業分類,07_048-11
JT0062,62,厚労省編職業分類１,07_048-11
JT0062,62,主な日本標準職業分類,D349
JT0062,62,日本標準職業分類１,D349
JT0063,63,主な厚労省編職業分類,07_048-03
JT0063,63,厚労省編職業分類１,07_048-03
JT0063,63,主な日本標準職業分類,D343
JT0063,63,日本標準職業分類１,D343
JT0064,64,主な厚労省編職業分類,06_036-01
JT0064,64,厚労省編職業分類１,06_036-01
JT0064,64,厚労省編職業分類２,06_036-02
JT0064,64,主な日本標準職業分類,C256
JT0064,64,日本標準職業分類１,C256
JT0065,65,主な厚労省編職業分類,07_047-99
JT0065,65,厚労省編職業分類１,07_047-99
JT0065,65,主な日本標準職業分類,D339
JT0065,65,日本標準職業分類１,D339
JT0066,66,主な厚労省編職業分類,07_045-14
JT0066,66,厚労省編職業分類１,07_045-14
JT0066,66,主な日本標準職業分類,D323
JT0066,66,日本標準職業分類１,D323
JT0067,67,主な厚労省編職業分類,07_045-10
JT0067,67,厚労省編職業分類１,07_045-10
JT0067,67,主な日本標準職業分類,D323
JT0067,67,日本標準職業分類１,D323
JT0068,68,主な厚労省編職業分類,07_045-14
JT0068,68,厚労省編職業分類１,07_045-14
JT0068,68,主な日本標準職業分類,D323
JT0068,68,日本標準職業分類１,D323
JT0069,69,主な厚労省編職業分類,07_045-14
JT0069,69,厚労省編職業分類１,07_045-14
JT0069,69,主な日本標準職業分類,D323
JT0069,69,日本標準職業分類１,D323
JT0070,70,主な厚労省編職業分類,07_045-14
JT0070,70,厚労省編職業分類１,07_045-14
JT0070,70,主な日本標準職業分類,D323
JT0070,70,日本標準職業分類１,D323
JT0071,71,主な厚労省編職業分類,07_045-04
JT0071,71,厚労省編職業分類１,07_045-04
JT0071,71,主な日本標準職業分類,D323
JT0071,71,日本標準職業分類１,D323
JT0072,72,主な厚労省編職業分類,07_045-14
JT0072,72,厚労省編職業分類１,07_045-14
JT0072,72,主な日本標準職業分類,D323
JT0072,72,日本標準職業分類１,D323
JT0073,73,主な厚労省編職業分類,07_045-07
JT0073,73,厚労省編職業分類１,07_045-07
JT0073,73,主な日本標準職業分類,D323
JT0073,73,日本標準職業分類１,D323
JT0074,74,主な厚労省編職業分類,06_041-99
JT0074,74,厚労省編職業分類１,06_041-99
JT0074,74,主な日本標準職業分類,C299
JT0074,74,日本標準職業分類１,C299
JT0075,75,主な厚労省編職業分類,06_040-99
JT0075,75,厚労省編職業分類１,06_040-99
JT0075,75,主な日本標準職業分類,C289
JT0075,75,日本標準職業分類１,C289
JT0076,76,主な厚労省編職業分類,07_045-14
JT0076,76,厚労省編職業分類１,07_045-14
JT0076,76,主な日本標準職業分類,D323
JT0076,76,日本標準職業分類１,D323
JT0077,77,主な厚労省編職業分類,07_045-14
JT0077,77,厚労省編職業分類１,07_045-14
JT0077,77,主な日本標準職業分類,D323
JT0077,77,日本標準職業分類１,D323
JT0078,78,主な厚労省編職業分類,07_045-03
JT0078,78,厚労省編職業分類１,07_045-03
JT0078,78,主な日本標準職業分類,D323
JT0078,78,日本標準職業分類１,D323
JT0079,79,主な厚労省編職業分類,07_045-06
JT0079,79,厚労省編職業分類１,07_045-06
JT0079,79,主な日本標準職業分類,D323
JT0079,79,日本標準職業分類１,D323
JT0080,80,主な厚労省編職業分類,03_013-99
JT0080,80,厚労省編職業分類１,03_013-99
JT0080,80,主な日本標準職業分類,B189
JT0080,80,日本標準職業分類１,B189
JT0081,81,主な厚労省編職業分類,03_013-99
JT0081,81,厚労省編職業分類１,03_013-99
JT0081,81,主な日本標準職業分類,B189
JT0081,81,日本標準職業分類１,B189
JT0082,82,主な厚労省編職業分類,03_013-99
JT0082,82,厚労省編職業分類１,03_013-99
JT0082,82,主な日本標準職業分類,B189
JT0082,82,日本標準職業分類１,B189
JT0083,83,主な厚労省編職業分類,03_013-03
JT0083,83,厚労省編職業分類１,03_013-03
JT0083,83,主な日本標準職業分類,B183
JT0083,83,日本標準職業分類１,B183
JT0084,84,主な厚労省編職業分類,03_012-03
JT0084,84,厚労省編職業分類１,03_012-03
JT0084,84,主な日本標準職業分類,B175
JT0084,84,日本標準職業分類１,B175
JT0085,85,主な厚労省編職業分類,03_020-99
JT0085,85,厚労省編職業分類１,03_020-99
JT0085,85,主な日本標準職業分類,B249
JT0085,85,日本標準職業分類１,B249
JT0086,86,主な厚労省編職業分類,03_012-99
JT0086,86,厚労省編職業分類１,03_012-99
JT0086,86,主な日本標準職業分類,B179
JT0086,86,日本標準職業分類１,B179
JT0087,87,主な厚労省編職業分類,03_015-02
JT0087,87,厚労省編職業分類１,03_015-02
JT0087,87,主な日本標準職業分類,B211
JT0087,87,日本標準職業分類１,B211
JT0088,88,主な厚労省編職業分類,03_020-02
JT0088,88,厚労省編職業分類１,03_020-02
JT0088,88,主な日本標準職業分類,B249
JT0088,88,日本標準職業分類１,B249
JT0089,89,主な厚労省編職業分類,03_012-01
JT0089,89,厚労省編職業分類１,03_012-01
JT0089,89,主な日本標準職業分類,B173
JT0089,89,日本標準職業分類１,B173
JT0090,90,主な厚労省編職業分類,03_013-01
JT0090,90,厚労省編職業分類１,03_013-01
JT0090,90,主な日本標準職業分類,B181
JT0090,90,日本標準職業分類１,B181
JT0091,91,主な厚労省編職業分類,03_012-02
JT0091,91,厚労省編職業分類１,03_012-02
JT0091,91,主な日本標準職業分類,B174
JT0091,91,日本標準職業分類１,B174
JT0092,92,主な厚労省編職業分類,03_013-02
JT0092,92,厚労省編職業分類１,03_013-02
JT0092,92,主な日本標準職業分類,B182
JT0092,92,日本標準職業分類１,B182
JT0093,93,主な厚労省編職業分類,03_020-99
JT0093,93,厚労省編職業分類１,03_020-99
JT0093,93,主な日本標準職業分類,B249
JT0093,93,日本標準職業分類１,B249
JT0094,94,主な厚労省編職業分類,03_020-99
JT0094,94,厚労省編職業分類１,03_020-99
JT0094,94,主な日本標準職業分類,B249
JT0094,94,日本標準職業分類１,B249
JT0095,95,主な厚労省編職業分類,13_089-01
JT0095,95,厚労省編職業分類１,13_089-01
JT0095,95,主な日本標準職業分類,I649
JT0095,95,日本標準職業分類１,I649
JT0096,96,主な厚労省編職業分類,09_057-04
JT0096,96,厚労省編職業分類１,09_057-04
JT0096,96,主な日本標準職業分類,E414
JT0096,96,日本標準職業分類１,E414
JT0097,97,主な厚労省編職業分類,15_096-01
JT0097,97,厚労省編職業分類１,15_096-01
JT0097,97,主な日本標準職業分類,K711
JT0097,97,日本標準職業分類１,K711
JT0098,98,主な厚労省編職業分類,15_096-07
JT0098,98,厚労省編職業分類１,15_096-07
JT0098,98,主な日本標準職業分類,K719
JT0098,98,日本標準職業分類１,K719
JT0099,99,主な厚労省編職業分類,09_055-02
JT0099,99,厚労省編職業分類１,09_055-02
JT0099,99,主な日本標準職業分類,E391
JT0099,99,日本標準職業分類１,E391
JT0100,100,主な厚労省編職業分類,09_055-01
JT0100,100,厚労省編職業分類１,09_055-01
JT0100,100,主な日本標準職業分類,E391
JT0100,100,日本標準職業分類１,E391
JT0101,101,主な厚労省編職業分類,09_055-01
JT0101,101,厚労省編職業分類１,09_055-01
JT0101,101,主な日本標準職業分類,E391
JT0101,101,日本標準職業分類１,E391
JT0102,102,主な厚労省編職業分類,09_055-01
JT0102,102,厚労省編職業分類１,09_055-01
JT0102,102,主な日本標準職業分類,E391
JT0102,102,日本標準職業分類１,E391
JT0103,103,主な厚労省編職業分類,09_055-03
JT0103,103,厚労省編職業分類１,09_055-03
JT0103,103,主な日本標準職業分類,E391
JT0103,103,日本標準職業分類１,E391
JT0104,104,主な厚労省編職業分類,09_056-01
JT0104,104,厚労省編職業分類１,01_002-01
JT0104,104,厚労省編職業分類２,09_056-01
JT0104,104,主な日本標準職業分類,E401
JT0104,104,日本標準職業分類１,A031
JT0104,104,日本標準職業分類２,E401
JT0105,105,主な厚労省編職業分類,07_045-06
JT0105,105,厚労省編職業分類１,07_045-06
JT0105,105,主な日本標準職業分類,D323
JT0105,105,日本標準職業分類１,D323
JT0106,106,主な厚労省編職業分類,09_056-03
JT0106,106,厚労省編職業分類１,09_056-03
JT0106,106,主な日本標準職業分類,E403
JT0106,106,日本標準職業分類１,E403
JT0107,107,主な厚労省編職業分類,09_055-09
JT0107,107,厚労省編職業分類１,09_055-09
JT0107,107,主な日本標準職業分類,E392
JT0107,107,日本標準職業分類１,E392
JT0108,108,主な厚労省編職業分類,09_055-03
JT0108,108,厚労省編職業分類１,09_055-03
JT0108,108,主な日本標準職業分類,E391
JT0108,108,日本標準職業分類１,E391
JT0109,109,主な厚労省編職業分類,06_040-99
JT0109,109,厚労省編職業分類１,06_040-99
JT0109,109,主な日本標準職業分類,C289
JT0109,109,日本標準職業分類１,C289
JT0110,110,主な厚労省編職業分類,09_058-01
JT0110,110,厚労省編職業分類１,09_058-01
JT0110,110,主な日本標準職業分類,E421
JT0110,110,日本標準職業分類１,E421
JT0111,111,主な厚労省編職業分類,13_088-01
JT0111,111,厚労省編職業分類１,13_088-01
JT0111,111,主な日本標準職業分類,I631
JT0111,111,日本標準職業分類１,I631
JT0112,112,主な厚労省編職業分類,09_056-08
JT0112,112,厚労省編職業分類１,09_056-08
JT0112,112,主な日本標準職業分類,E407
JT0112,112,日本標準職業分類１,E407
JT0113,113,主な厚労省編職業分類,09_056-08
JT0113,113,厚労省編職業分類１,09_056-08
JT0113,113,主な日本標準職業分類,E407
JT0113,113,日本標準職業分類１,E407
JT0114,114,主な厚労省編職業分類,09_058-01
JT0114,114,厚労省編職業分類１,09_058-01
JT0114,114,主な日本標準職業分類,E421
JT0114,114,日本標準職業分類１,E421
JT0115,115,主な厚労省編職業分類,09_053-01
JT0115,115,厚労省編職業分類１,09_053-01
JT0115,115,主な日本標準職業分類,E381
JT0115,115,日本標準職業分類１,E381
JT0116,116,主な厚労省編職業分類,09_053-02
JT0116,116,厚労省編職業分類１,09_053-02
JT0116,116,主な日本標準職業分類,E382
JT0116,116,日本標準職業分類１,E382
JT0117,117,主な厚労省編職業分類,09_053-04
JT0117,117,厚労省編職業分類１,09_053-04
JT0117,117,主な日本標準職業分類,E383
JT0117,117,日本標準職業分類１,E383
JT0118,118,主な厚労省編職業分類,09_053-02
JT0118,118,厚労省編職業分類１,09_053-02
JT0118,118,厚労省編職業分類２,09_053-99
JT0118,118,主な日本標準職業分類,E382
JT0118,118,日本標準職業分類１,E382
JT0118,118,日本標準職業分類２,E383
JT0119,119,主な厚労省編職業分類,09_054-02
JT0119,119,厚労省編職業分類１,09_054-02
JT0119,119,主な日本標準職業分類,E385
JT0119,119,日本標準職業分類１,E385
JT0120,120,主な厚労省編職業分類,05_032-02
JT0120,120,厚労省編職業分類１,05_032-02
JT0120,120,主な日本標準職業分類,B244
JT0120,120,日本標準職業分類１,B244
JT0121,121,主な厚労省編職業分類,05_031-99
JT0121,121,厚労省編職業分類１,05_031-99
JT0121,121,主な日本標準職業分類,B199
JT0121,121,日本標準職業分類１,B199
JT0122,122,主な厚労省編職業分類,05_032-03
JT0122,122,厚労省編職業分類１,05_032-03
JT0122,122,主な日本標準職業分類,B244
JT0122,122,日本標準職業分類１,B244
JT0123,123,主な厚労省編職業分類,09_058-03
JT0123,123,厚労省編職業分類１,09_058-03
JT0123,123,主な日本標準職業分類,E423
JT0123,123,日本標準職業分類１,E423
JT0124,124,主な厚労省編職業分類,09_058-03
JT0124,124,厚労省編職業分類１,09_058-03
JT0124,124,主な日本標準職業分類,E423
JT0124,124,日本標準職業分類１,E423
JT0125,125,主な厚労省編職業分類,09_058-08
JT0125,125,厚労省編職業分類１,09_058-08
JT0125,125,主な日本標準職業分類,E429
JT0125,125,日本標準職業分類１,E429
JT0126,126,主な厚労省編職業分類,09_052-01
JT0126,126,厚労省編職業分類１,09_052-01
JT0126,126,主な日本標準職業分類,E351
JT0126,126,日本標準職業分類１,E351
JT0127,127,主な厚労省編職業分類,03_020-99
JT0127,127,厚労省編職業分類１,03_020-99
JT0127,127,主な日本標準職業分類,B249
JT0127,127,日本標準職業分類１,B249
JT0128,128,主な厚労省編職業分類,09_053-05
JT0128,128,厚労省編職業分類１,09_053-05
JT0128,128,主な日本標準職業分類,E383
JT0128,128,日本標準職業分類１,E383
JT0129,129,主な厚労省編職業分類,08_049-02
JT0129,129,厚労省編職業分類１,08_049-02
JT0129,129,主な日本標準職業分類,B161
JT0129,129,日本標準職業分類１,B161
JT0130,130,主な厚労省編職業分類,08_049-02
JT0130,130,厚労省編職業分類１,08_049-02
JT0130,130,主な日本標準職業分類,B161
JT0130,130,日本標準職業分類１,B161
JT0131,131,主な厚労省編職業分類,05_029-01
JT0131,131,厚労省編職業分類１,05_029-01
JT0131,131,厚労省編職業分類２,05_029-03
JT0131,131,主な日本標準職業分類,B163
JT0131,131,日本標準職業分類１,B163
JT0131,131,日本標準職業分類２,B191
JT0132,132,主な厚労省編職業分類,08_049-07
JT0132,132,厚労省編職業分類１,08_049-07
JT0132,132,主な日本標準職業分類,B169
JT0132,132,日本標準職業分類１,B169
JT0133,133,主な厚労省編職業分類,08_051-01
JT0133,133,厚労省編職業分類１,08_051-01
JT0133,133,主な日本標準職業分類,E362
JT0133,133,日本標準職業分類１,E362
JT0134,134,主な厚労省編職業分類,08_050-00
JT0134,134,厚労省編職業分類１,08_050-00
JT0134,134,厚労省編職業分類２,08_050-01
JT0134,134,厚労省編職業分類３,08_050-02
JT0134,134,厚労省編職業分類４,08_050-03
JT0134,134,厚労省編職業分類５,08_050-99
JT0134,134,主な日本標準職業分類,E361
JT0134,134,日本標準職業分類１,E361
JT0135,135,主な厚労省編職業分類,03_020-02
JT0135,135,厚労省編職業分類１,03_020-02
JT0135,135,主な日本標準職業分類,B249
JT0135,135,日本標準職業分類１,B249
JT0136,136,主な厚労省編職業分類,03_019-03
JT0136,136,厚労省編職業分類１,03_019-03
JT0136,136,主な日本標準職業分類,B243
JT0136,136,日本標準職業分類１,B243
JT0137,137,主な厚労省編職業分類,08_049-10
JT0137,137,厚労省編職業分類１,08_049-10
JT0137,137,主な日本標準職業分類,E423
JT0137,137,日本標準職業分類１,E423
JT0138,138,主な厚労省編職業分類,06_035-01
JT0138,138,厚労省編職業分類１,06_035-01
JT0138,138,主な日本標準職業分類,C259
JT0138,138,日本標準職業分類１,C259
JT0139,139,主な厚労省編職業分類,06_035-01
JT0139,139,厚労省編職業分類１,06_035-01
JT0139,139,主な日本標準職業分類,C259
JT0139,139,日本標準職業分類１,C259
JT0140,140,主な厚労省編職業分類,10_061-01
JT0140,140,厚労省編職業分類１,10_061-01
JT0140,140,主な日本標準職業分類,F441
JT0140,140,日本標準職業分類１,F441
JT0141,141,主な厚労省編職業分類,10_061-01
JT0141,141,厚労省編職業分類１,10_061-01
JT0141,141,主な日本標準職業分類,F442
JT0141,141,日本標準職業分類１,F442
JT0142,142,主な厚労省編職業分類,10_061-99
JT0142,142,厚労省編職業分類１,10_061-99
JT0142,142,主な日本標準職業分類,F449
JT0142,142,日本標準職業分類１,F449
JT0143,143,主な厚労省編職業分類,10_063-99
JT0143,143,厚労省編職業分類１,10_063-99
JT0143,143,主な日本標準職業分類,F459
JT0143,143,日本標準職業分類１,F459
JT0144,144,主な厚労省編職業分類,03_012-01
JT0144,144,厚労省編職業分類１,03_012-01
JT0144,144,主な日本標準職業分類,B171
JT0144,144,日本標準職業分類１,B171
JT0145,145,主な厚労省編職業分類,03_012-01
JT0145,145,厚労省編職業分類１,03_012-01
JT0145,145,主な日本標準職業分類,B172
JT0145,145,日本標準職業分類１,B172
JT0146,146,主な厚労省編職業分類,03_012-99
JT0146,146,厚労省編職業分類１,03_012-99
JT0146,146,主な日本標準職業分類,B179
JT0146,146,日本標準職業分類１,B179
JT0147,147,主な厚労省編職業分類,05_031-99
JT0147,147,厚労省編職業分類１,05_031-99
JT0147,147,主な日本標準職業分類,B199
JT0147,147,日本標準職業分類１,B199
JT0148,148,主な厚労省編職業分類,10_062-01
JT0148,148,厚労省編職業分類１,10_062-01
JT0148,148,主な日本標準職業分類,F451
JT0148,148,日本標準職業分類１,F451
JT0149,149,主な厚労省編職業分類,06_038-01
JT0149,149,厚労省編職業分類１,06_038-01
JT0149,149,厚労省編職業分類２,06_035-01
JT0149,149,主な日本標準職業分類,C261
JT0149,149,日本標準職業分類１,C261
JT0149,149,日本標準職業分類２,C259
JT0150,150,主な厚労省編職業分類,06_035-01
JT0150,150,厚労省編職業分類１,06_035-01
JT0150,150,主な日本標準職業分類,C259
JT0151,151,主な厚労省編職業分類,06_035-01
JT0151,151,厚労省編職業分類１,06_035-01
JT0151,151,主な日本標準職業分類,C259
JT0151,151,日本標準職業分類１,C259
JT0152,152,主な厚労省編職業分類,10_060-01
JT0152,152,厚労省編職業分類１,10_060-01
JT0152,152,主な日本標準職業分類,F431
JT0152,152,日本標準職業分類１,F431
JT0153,153,主な厚労省編職業分類,10_060-01
JT0153,153,厚労省編職業分類１,10_060-01
JT0153,153,主な日本標準職業分類,F432
JT0153,153,日本標準職業分類１,F432
JT0154,154,主な厚労省編職業分類,10_060-01
JT0154,154,厚労省編職業分類１,10_060-01
JT0154,154,主な日本標準職業分類,F433
JT0154,154,日本標準職業分類１,F433
JT0155,155,主な厚労省編職業分類,10_062-02
JT0155,155,厚労省編職業分類１,10_062-02
JT0155,155,主な日本標準職業分類,F452
JT0155,155,日本標準職業分類１,F452
JT0156,156,主な厚労省編職業分類,04_023-00
JT0156,156,厚労省編職業分類１,04_023-00
JT0156,156,厚労省編職業分類２,04_023-01
JT0156,156,厚労省編職業分類３,04_023-02
JT0156,156,厚労省編職業分類４,04_023-03
JT0156,156,厚労省編職業分類５,04_023-99
JT0156,156,主な日本標準職業分類,B133
JT0156,156,日本標準職業分類１,B133
JT0157,157,主な厚労省編職業分類,04_022-02
JT0157,157,厚労省編職業分類１,04_022-02
JT0157,157,主な日本標準職業分類,B132
JT0157,157,日本標準職業分類１,B132
JT0158,158,主な厚労省編職業分類,04_021-04
JT0158,158,厚労省編職業分類１,04_021-04
JT0158,158,主な日本標準職業分類,B124
JT0158,158,日本標準職業分類１,B124
JT0159,159,主な厚労省編職業分類,04_021-02
JT0159,159,厚労省編職業分類１,04_021-02
JT0159,159,主な日本標準職業分類,B122
JT0159,159,日本標準職業分類１,B122
JT0160,160,主な厚労省編職業分類,04_022-01
JT0160,160,厚労省編職業分類１,04_022-01
JT0160,160,主な日本標準職業分類,B131
JT0160,160,日本標準職業分類１,B131
JT0161,161,主な厚労省編職業分類,04_024-03
JT0161,161,厚労省編職業分類１,04_024-03
JT0161,161,主な日本標準職業分類,B143
JT0161,161,日本標準職業分類１,B143
JT0162,162,主な厚労省編職業分類,04_027-99
JT0162,162,厚労省編職業分類１,04_027-99
JT0162,162,主な日本標準職業分類,B159
JT0162,162,日本標準職業分類１,B159
JT0163,163,主な厚労省編職業分類,04_024-01
JT0163,163,厚労省編職業分類１,04_024-01
JT0163,163,主な日本標準職業分類,B141
JT0163,163,日本標準職業分類１,B141
JT0164,164,主な厚労省編職業分類,04_024-02
JT0164,164,厚労省編職業分類１,04_024-02
JT0164,164,主な日本標準職業分類,B142
JT0164,164,日本標準職業分類１,B142
JT0165,165,主な厚労省編職業分類,04_024-09
JT0165,165,厚労省編職業分類１,04_024-09
JT0165,165,主な日本標準職業分類,B147
JT0165,165,日本標準職業分類１,B147
JT0166,166,主な厚労省編職業分類,04_024-08
JT0166,166,厚労省編職業分類１,04_024-08
JT0166,166,主な日本標準職業分類,B146
JT0166,166,日本標準職業分類１,B146
JT0167,167,主な厚労省編職業分類,04_024-04
JT0167,167,厚労省編職業分類１,04_024-04
JT0167,167,主な日本標準職業分類,B144
JT0167,167,日本標準職業分類１,B144
JT0168,168,主な厚労省編職業分類,04_024-05
JT0168,168,厚労省編職業分類１,04_024-05
JT0168,168,主な日本標準職業分類,B144
JT0168,168,日本標準職業分類１,B144
JT0169,169,主な厚労省編職業分類,04_024-07
JT0169,169,厚労省編職業分類１,04_024-07
JT0169,169,主な日本標準職業分類,B145
JT0169,169,日本標準職業分類１,B145
JT0170,170,主な厚労省編職業分類,04_024-06
JT0170,170,厚労省編職業分類１,04_024-06
JT0170,170,主な日本標準職業分類,B145
JT0170,170,日本標準職業分類１,B145
JT0171,171,主な厚労省編職業分類,04_025-01
JT0171,171,厚労省編職業分類１,04_025-01
JT0171,171,厚労省編職業分類２,04_025-02
JT0171,171,主な日本標準職業分類,B151
JT0171,171,日本標準職業分類１,B151
JT0172,172,主な厚労省編職業分類,04_026-01
JT0172,172,厚労省編職業分類１,04_026-01
JT0172,172,主な日本標準職業分類,B152
JT0172,172,日本標準職業分類１,B152
JT0173,173,主な厚労省編職業分類,04_026-02
JT0173,173,厚労省編職業分類１,04_026-02
JT0173,173,主な日本標準職業分類,B152
JT0173,173,日本標準職業分類１,B152
JT0174,174,主な厚労省編職業分類,06_037-01
JT0174,174,厚労省編職業分類１,06_037-01
JT0174,174,主な日本標準職業分類,C259
JT0174,174,日本標準職業分類１,C259
JT0175,175,主な厚労省編職業分類,04_026-01
JT0175,175,厚労省編職業分類１,04_026-01
JT0175,175,主な日本標準職業分類,B152
JT0175,175,日本標準職業分類１,B152
JT0176,176,主な厚労省編職業分類,04_027-99
JT0176,176,厚労省編職業分類１,04_027-99
JT0176,176,主な日本標準職業分類,B159
JT0176,176,日本標準職業分類１,B159
JT0178,178,主な厚労省編職業分類,05_029-02
JT0178,178,厚労省編職業分類１,05_029-02
JT0178,178,厚労省編職業分類２,05_029-03
JT0178,178,主な日本標準職業分類,B191
JT0178,178,日本標準職業分類１,B191
JT0179,179,主な厚労省編職業分類,05_031-01
JT0179,179,厚労省編職業分類１,05_031-01
JT0179,179,主な日本標準職業分類,B192
JT0179,179,日本標準職業分類１,B192
JT0180,180,主な厚労省編職業分類,05_031-02
JT0180,180,厚労省編職業分類１,05_031-02
JT0180,180,主な日本標準職業分類,B193
JT0180,180,日本標準職業分類１,B193
JT0181,181,主な厚労省編職業分類,05_031-99
JT0181,181,厚労省編職業分類１,05_031-99
JT0181,181,主な日本標準職業分類,B199
JT0181,181,日本標準職業分類１,B199
JT0182,182,主な厚労省編職業分類,03_019-01
JT0182,182,厚労省編職業分類１,03_019-01
JT0182,182,主な日本標準職業分類,B241
JT0182,182,日本標準職業分類１,B241
JT0183,183,主な厚労省編職業分類,05_031-04
JT0183,183,厚労省編職業分類１,05_031-04
JT0183,183,主な日本標準職業分類,B194
JT0183,183,日本標準職業分類１,B194
JT0184,184,主な厚労省編職業分類,05_031-07
JT0184,184,厚労省編職業分類１,05_031-07
JT0184,184,主な日本標準職業分類,B198
JT0184,184,日本標準職業分類１,B198
JT0185,185,主な厚労省編職業分類,03_019-02
JT0185,185,厚労省編職業分類１,03_019-02
JT0185,185,主な日本標準職業分類,B242
JT0185,185,日本標準職業分類１,B242
JT0186,186,主な厚労省編職業分類,13_084-01
JT0186,186,厚労省編職業分類１,13_084-01
JT0186,186,主な日本標準職業分類,I611
JT0186,186,日本標準職業分類１,I611
JT0187,187,主な厚労省編職業分類,13_084-01
JT0187,187,厚労省編職業分類１,13_084-01
JT0187,187,主な日本標準職業分類,I611
JT0187,187,日本標準職業分類１,I611
JT0188,188,主な厚労省編職業分類,13_085-03
JT0188,188,厚労省編職業分類１,13_085-03
JT0188,188,主な日本標準職業分類,I612
JT0188,188,日本標準職業分類１,I612
JT0189,189,主な厚労省編職業分類,13_087-04
JT0189,189,厚労省編職業分類１,13_087-04
JT0189,189,主な日本標準職業分類,I624
JT0189,189,日本標準職業分類１,I624
JT0190,190,主な厚労省編職業分類,13_087-02
JT0190,190,厚労省編職業分類１,13_087-02
JT0190,190,主な日本標準職業分類,I622
JT0190,190,日本標準職業分類１,I622
JT0191,191,主な厚労省編職業分類,13_087-03
JT0191,191,厚労省編職業分類１,13_087-03
JT0191,191,主な日本標準職業分類,I623
JT0191,191,日本標準職業分類１,I623
JT0192,192,主な厚労省編職業分類,13_087-01
JT0192,192,厚労省編職業分類１,13_087-01
JT0192,192,主な日本標準職業分類,I601
JT0192,192,日本標準職業分類１,I601
JT0193,193,主な厚労省編職業分類,13_088-01
JT0193,193,厚労省編職業分類１,13_088-01
JT0193,193,主な日本標準職業分類,I631
JT0193,193,日本標準職業分類１,I631
JT0194,194,主な厚労省編職業分類,06_042-01
JT0194,194,厚労省編職業分類１,06_042-01
JT0194,194,主な日本標準職業分類,C301
JT0194,194,日本標準職業分類１,C301
JT0195,195,主な厚労省編職業分類,06_042-01
JT0195,195,厚労省編職業分類１,06_042-01
JT0195,195,主な日本標準職業分類,C301
JT0195,195,日本標準職業分類１,C301
JT0196,196,主な厚労省編職業分類,06_042-02
JT0196,196,厚労省編職業分類１,06_042-02
JT0196,196,主な日本標準職業分類,C302
JT0196,196,日本標準職業分類１,C302
JT0197,197,主な厚労省編職業分類,12_075-03
JT0197,197,厚労省編職業分類１,12_075-03
JT0197,197,主な日本標準職業分類,H553
JT0197,197,日本標準職業分類１,H553
JT0198,198,主な厚労省編職業分類,07_045-13
JT0198,198,厚労省編職業分類１,07_045-13
JT0198,198,主な日本標準職業分類,D323
JT0198,198,日本標準職業分類１,D323
JT0199,199,主な厚労省編職業分類,10_063-99
JT0199,199,厚労省編職業分類１,10_063-99
JT0199,199,主な日本標準職業分類,F459
JT0199,199,日本標準職業分類１,F459
JT0200,200,主な厚労省編職業分類,06_042-02
JT0200,200,厚労省編職業分類１,06_042-02
JT0200,200,主な日本標準職業分類,C302
JT0200,200,日本標準職業分類１,C302
JT0201,201,主な厚労省編職業分類,15_095-02
JT0201,201,厚労省編職業分類１,15_095-02
JT0201,201,主な日本標準職業分類,K703
JT0201,201,日本標準職業分類１,K703
JT0202,202,主な厚労省編職業分類,03_020-99
JT0202,202,厚労省編職業分類１,03_020-99
JT0202,202,主な日本標準職業分類,B249
JT0202,202,日本標準職業分類１,B249
JT0203,203,主な厚労省編職業分類,02_011-01
JT0203,203,厚労省編職業分類１,02_011-01
JT0203,203,主な日本標準職業分類,B246
JT0203,203,日本標準職業分類１,B246
JT0204,204,主な厚労省編職業分類,06_042-02
JT0204,204,厚労省編職業分類１,06_042-02
JT0204,204,主な日本標準職業分類,C302
JT0204,204,日本標準職業分類１,C302
JT0205,205,主な厚労省編職業分類,09_056-06
JT0205,205,厚労省編職業分類１,09_056-06
JT0205,205,主な日本標準職業分類,E404
JT0205,205,日本標準職業分類１,E404
JT0206,206,主な厚労省編職業分類,12_075-04
JT0206,206,厚労省編職業分類１,12_075-04
JT0206,206,主な日本標準職業分類,H554
JT0206,206,日本標準職業分類１,H554
JT0207,207,主な厚労省編職業分類,13_088-03
JT0207,207,厚労省編職業分類１,13_088-03
JT0207,207,厚労省編職業分類２,02_011-01
JT0207,207,主な日本標準職業分類,I633
JT0207,207,日本標準職業分類１,I633
JT0207,207,日本標準職業分類２,I634
JT0207,207,日本標準職業分類３,B246
JT0208,208,主な厚労省編職業分類,03_015-03
JT0208,208,厚労省編職業分類１,03_015-03
JT0208,208,主な日本標準職業分類,B212
JT0208,208,日本標準職業分類１,B212
JT0209,209,主な厚労省編職業分類,03_015-03
JT0209,209,厚労省編職業分類１,03_015-03
JT0209,209,主な日本標準職業分類,B212
JT0209,209,日本標準職業分類１,B212
JT0210,210,主な厚労省編職業分類,03_015-03
JT0210,210,厚労省編職業分類１,03_015-03
JT0210,210,主な日本標準職業分類,B212
JT0210,210,日本標準職業分類１,B212
JT0211,211,主な厚労省編職業分類,03_015-03
JT0211,211,厚労省編職業分類１,03_015-03
JT0211,211,主な日本標準職業分類,B212
JT0211,211,日本標準職業分類１,B212
JT0212,212,主な厚労省編職業分類,02_011-01
JT0212,212,厚労省編職業分類１,02_011-01
JT0212,212,主な日本標準職業分類,B246
JT0212,212,日本標準職業分類１,B246
JT0213,213,主な厚労省編職業分類,12_081-01
JT0213,213,厚労省編職業分類１,12_081-01
JT0213,213,主な日本標準職業分類,H592
JT0213,213,日本標準職業分類１,H592
JT0214,214,主な厚労省編職業分類,03_020-99
JT0214,214,厚労省編職業分類１,03_020-99
JT0214,214,主な日本標準職業分類,B249
JT0214,214,日本標準職業分類１,B249
JT0215,215,主な厚労省編職業分類,03_015-03
JT0215,215,厚労省編職業分類１,03_015-03
JT0215,215,主な日本標準職業分類,B212
JT0215,215,日本標準職業分類１,B212
JT0216,216,主な厚労省編職業分類,03_020-99
JT0216,216,厚労省編職業分類１,03_020-99
JT0216,216,主な日本標準職業分類,B249
JT0216,216,日本標準職業分類１,B249
JT0217,217,主な厚労省編職業分類,03_018-03
JT0217,217,厚労省編職業分類１,03_018-03
JT0217,217,主な日本標準職業分類,B234
JT0217,217,日本標準職業分類１,B234
JT0218,218,主な厚労省編職業分類,11_064-04
JT0218,218,厚労省編職業分類１,11_064-04
JT0218,218,主な日本標準職業分類,G462
JT0218,218,日本標準職業分類１,G462
JT0219,219,主な厚労省編職業分類,05_032-02
JT0219,219,厚労省編職業分類１,05_032-02
JT0219,219,主な日本標準職業分類,B244
JT0219,219,日本標準職業分類１,B244
JT0220,220,主な厚労省編職業分類,11_064-04
JT0220,220,厚労省編職業分類１,11_064-04
JT0220,220,主な日本標準職業分類,G462
JT0220,220,日本標準職業分類１,G462
JT0221,221,主な厚労省編職業分類,02_005-01
JT0221,221,厚労省編職業分類１,02_005-01
JT0221,221,主な日本標準職業分類,B061
JT0221,221,日本標準職業分類１,B061
JT0222,222,主な厚労省編職業分類,11_064-05
JT0222,222,厚労省編職業分類１,11_064-05
JT0222,222,主な日本標準職業分類,G463
JT0222,222,日本標準職業分類１,G463
JT0223,223,主な厚労省編職業分類,04_021-03
JT0223,223,厚労省編職業分類１,04_021-03
JT0223,223,主な日本標準職業分類,B123
JT0223,223,日本標準職業分類１,B123
JT0224,224,主な厚労省編職業分類,11_066-04
JT0224,224,厚労省編職業分類１,11_066-04
JT0224,224,主な日本標準職業分類,G484
JT0224,224,日本標準職業分類１,G484
JT0225,225,主な厚労省編職業分類,03_020-99
JT0225,225,厚労省編職業分類１,03_020-99
JT0225,225,主な日本標準職業分類,B249
JT0225,225,日本標準職業分類１,B249
JT0226,226,主な厚労省編職業分類,03_020-99
JT0226,226,厚労省編職業分類１,03_020-99
JT0226,226,主な日本標準職業分類,B249
JT0226,226,日本標準職業分類１,B249
JT0227,227,主な厚労省編職業分類,09_058-07
JT0227,227,厚労省編職業分類１,09_058-07
JT0227,227,主な日本標準職業分類,E429
JT0227,227,日本標準職業分類１,E429
JT0228,228,主な厚労省編職業分類,02_005-01
JT0228,228,厚労省編職業分類１,02_005-01
JT0228,228,主な日本標準職業分類,B061
JT0228,228,日本標準職業分類１,B061
JT0229,229,主な厚労省編職業分類,02_005-01
JT0229,229,厚労省編職業分類１,02_005-01
JT0229,229,主な日本標準職業分類,B061
JT0229,229,日本標準職業分類１,B061
JT0230,230,主な厚労省編職業分類,11_065-01
JT0230,230,厚労省編職業分類１,11_065-01
JT0230,230,厚労省編職業分類２,11_065-02
JT0230,230,主な日本標準職業分類,G471
JT0230,230,日本標準職業分類１,G471
JT0230,230,日本標準職業分類２,G472
JT0231,231,主な厚労省編職業分類,02_006-03
JT0231,231,厚労省編職業分類１,02_006-03
JT0231,231,厚労省編職業分類２,02_004-01
JT0231,231,主な日本標準職業分類,B073
JT0231,231,日本標準職業分類１,B073
JT0231,231,日本標準職業分類２,B051
JT0232,232,主な厚労省編職業分類,12_074-01
JT0232,232,厚労省編職業分類１,12_074-01
JT0232,232,厚労省編職業分類２,02_009-02
JT0232,232,主な日本標準職業分類,H541
JT0232,232,日本標準職業分類１,H541
JT0232,232,日本標準職業分類２,B104
JT0233,233,主な厚労省編職業分類,12_075-01
JT0233,233,厚労省編職業分類１,12_075-01
JT0233,233,主な日本標準職業分類,H551
JT0233,233,日本標準職業分類１,H551
JT0234,234,主な厚労省編職業分類,06_033-03
JT0234,234,厚労省編職業分類１,07_048-99
JT0234,234,厚労省編職業分類２,06_033-03
JT0234,234,主な日本標準職業分類,C253
JT0234,234,日本標準職業分類１,D349
JT0234,234,日本標準職業分類２,C253
JT0235,235,主な厚労省編職業分類,02_008-04
JT0235,235,厚労省編職業分類１,02_008-04
JT0235,235,厚労省編職業分類２,02_008-05
JT0235,235,厚労省編職業分類３,02_008-01
JT0235,235,厚労省編職業分類４,02_008-02
JT0235,235,主な日本標準職業分類,B092
JT0235,235,日本標準職業分類１,B092
JT0235,235,日本標準職業分類２,B091
JT0235,235,日本標準職業分類３,B091
JT0236,236,主な厚労省編職業分類,12_075-02
JT0236,236,厚労省編職業分類１,12_075-02
JT0236,236,主な日本標準職業分類,H552
JT0236,236,日本標準職業分類１,H552
JT0237,237,主な厚労省編職業分類,13_088-04
JT0237,237,厚労省編職業分類１,13_088-04
JT0237,237,主な日本標準職業分類,I639
JT0237,237,日本標準職業分類１,I639
JT0238,238,主な厚労省編職業分類,06_033-03
JT0238,238,厚労省編職業分類１,06_033-03
JT0238,238,主な日本標準職業分類,C253
JT0238,238,日本標準職業分類１,C253
JT0239,239,主な厚労省編職業分類,06_036-04
JT0239,239,厚労省編職業分類１,06_036-04
JT0239,239,主な日本標準職業分類,C259
JT0239,239,日本標準職業分類１,C259
JT0240,240,主な厚労省編職業分類,06_033-03
JT0240,240,厚労省編職業分類１,06_033-03
JT0240,240,主な日本標準職業分類,C253
JT0240,240,日本標準職業分類１,C253
JT0241,241,主な厚労省編職業分類,10_059-01
JT0241,241,厚労省編職業分類１,10_059-01
JT0241,241,主な日本標準職業分類,F453
JT0241,241,日本標準職業分類１,F453
JT0242,242,主な厚労省編職業分類,05_030-01
JT0242,242,厚労省編職業分類１,05_030-01
JT0242,242,主な日本標準職業分類,E429
JT0242,242,日本標準職業分類１,E429
JT0243,243,主な厚労省編職業分類,08_049-05
JT0243,243,厚労省編職業分類１,08_049-05
JT0243,243,厚労省編職業分類２,05_030-02
JT0243,243,主な日本標準職業分類,B162
JT0243,243,日本標準職業分類１,B162
JT0244,244,主な厚労省編職業分類,08_049-04
JT0244,244,厚労省編職業分類１,08_049-04
JT0244,244,主な日本標準職業分類,B162
JT0244,244,日本標準職業分類１,B162
JT0245,245,主な厚労省編職業分類,08_049-03
JT0245,245,厚労省編職業分類１,08_049-03
JT0245,245,主な日本標準職業分類,B162
JT0245,245,日本標準職業分類１,B162
JT0246,246,主な厚労省編職業分類,04_028-01
JT0246,246,厚労省編職業分類１,04_028-01
JT0246,246,主な日本標準職業分類,E371
JT0246,246,日本標準職業分類１,E371
JT0247,247,主な厚労省編職業分類,02_005-01
JT0247,247,厚労省編職業分類１,02_005-01
JT0247,247,厚労省編職業分類２,02_004-01
JT0247,247,主な日本標準職業分類,B061
JT0247,247,日本標準職業分類１,B061
JT0247,247,日本標準職業分類２,B051
JT0248,248,主な厚労省編職業分類,02_008-01
JT0248,248,厚労省編職業分類１,02_008-01
JT0248,248,厚労省編職業分類２,02_008-02
JT0248,248,主な日本標準職業分類,B091
JT0248,248,日本標準職業分類１,B091
JT0249,249,主な厚労省編職業分類,11_064-02
JT0249,249,厚労省編職業分類１,11_064-02
JT0249,249,主な日本標準職業分類,G461
JT0249,249,日本標準職業分類１,G461
JT0250,250,主な厚労省編職業分類,01_001-01
JT0250,250,厚労省編職業分類１,01_001-01
JT0250,250,主な日本標準職業分類,A021
JT0250,250,日本標準職業分類１,A021
JT0251,251,主な厚労省編職業分類,12_071-02
JT0251,251,厚労省編職業分類１,12_067-02
JT0251,251,厚労省編職業分類２,12_071-02
JT0251,251,主な日本標準職業分類,H522
JT0251,251,日本標準職業分類１,H492
JT0251,251,日本標準職業分類２,H522
JT0252,252,主な厚労省編職業分類,12_071-02
JT0252,252,厚労省編職業分類１,12_067-02
JT0252,252,厚労省編職業分類２,12_071-02
JT0252,252,主な日本標準職業分類,H522
JT0252,252,日本標準職業分類１,H492
JT0252,252,日本標準職業分類２,H522
JT0253,253,主な厚労省編職業分類,12_071-12
JT0253,253,厚労省編職業分類１,12_071-12
JT0253,253,主な日本標準職業分類,H529
JT0253,253,日本標準職業分類１,H529
JT0254,254,主な厚労省編職業分類,12_071-07
JT0254,254,厚労省編職業分類１,12_067-04
JT0254,254,厚労省編職業分類２,12_071-07
JT0254,254,主な日本標準職業分類,H524
JT0254,254,日本標準職業分類１,H494
JT0254,254,日本標準職業分類２,H524
JT0255,255,主な厚労省編職業分類,12_071-13
JT0255,255,厚労省編職業分類１,12_067-08
JT0255,255,厚労省編職業分類２,12_071-13
JT0255,255,主な日本標準職業分類,H528
JT0255,255,日本標準職業分類１,H498
JT0255,255,日本標準職業分類２,H528
JT0256,256,主な厚労省編職業分類,12_071-06
JT0256,256,厚労省編職業分類１,12_071-06
JT0256,256,主な日本標準職業分類,H523
JT0256,256,日本標準職業分類１,H523
JT0257,257,主な厚労省編職業分類,12_067-07
JT0257,257,厚労省編職業分類１,12_067-07
JT0257,257,厚労省編職業分類２,12_071-11
JT0257,257,主な日本標準職業分類,H497
JT0257,257,日本標準職業分類１,H497
JT0257,257,日本標準職業分類２,H527
JT0258,258,主な厚労省編職業分類,02_007-07
JT0258,258,厚労省編職業分類１,02_006-06
JT0258,258,厚労省編職業分類２,02_007-07
JT0258,258,主な日本標準職業分類,B086
JT0258,258,日本標準職業分類１,B076
JT0258,258,日本標準職業分類２,B086
JT0259,259,主な厚労省編職業分類,12_067-01
JT0259,259,厚労省編職業分類１,12_067-01
JT0259,259,厚労省編職業分類２,12_067-99
JT0259,259,主な日本標準職業分類,H491
JT0259,259,日本標準職業分類１,H499
JT0260,260,主な厚労省編職業分類,12_076-02
JT0260,260,厚労省編職業分類１,12_076-02
JT0260,260,厚労省編職業分類２,14_091-99
JT0260,260,厚労省編職業分類３,12_078-02
JT0260,260,厚労省編職業分類４,12_079-01
JT0260,260,厚労省編職業分類５,12_079-04
JT0260,260,主な日本標準職業分類,H562
JT0260,260,日本標準職業分類１,H562
JT0260,260,日本標準職業分類２,J669
JT0260,260,日本標準職業分類３,H572
JT0260,260,日本標準職業分類４,H581
JT0260,260,日本標準職業分類５,H584
JT0261,261,主な厚労省編職業分類,12_070-02
JT0261,261,厚労省編職業分類１,12_070-02
JT0261,261,厚労省編職業分類２,12_074-03
JT0261,261,厚労省編職業分類３,12_074-04
JT0261,261,主な日本標準職業分類,H512
JT0261,261,日本標準職業分類１,H512
JT0261,261,日本標準職業分類２,H542
JT0261,261,日本標準職業分類３,H542
JT0261,261,日本標準職業分類４,H542
JT0262,262,主な厚労省編職業分類,02_006-03
JT0262,262,厚労省編職業分類１,02_006-02
JT0262,262,厚労省編職業分類２,02_006-03
JT0262,262,厚労省編職業分類３,02_006-04
JT0262,262,厚労省編職業分類４,02_006-05
JT0262,262,主な日本標準職業分類,B073
JT0262,262,日本標準職業分類１,B072
JT0262,262,日本標準職業分類２,B073
JT0262,262,日本標準職業分類３,B074
JT0262,262,日本標準職業分類４,B075
JT0263,263,主な厚労省編職業分類,12_074-13
JT0263,263,厚労省編職業分類１,12_074-13
JT0263,263,主な日本標準職業分類,H545
JT0263,263,日本標準職業分類１,H545
JT0264,264,主な厚労省編職業分類,12_074-11
JT0264,264,厚労省編職業分類１,12_074-11
JT0264,264,主な日本標準職業分類,H543
JT0264,264,日本標準職業分類１,H543
JT0265,265,主な厚労省編職業分類,12_074-01
JT0265,265,厚労省編職業分類１,12_074-01
JT0265,265,主な日本標準職業分類,H541
JT0265,265,日本標準職業分類１,H541
JT0266,266,主な厚労省編職業分類,12_074-13
JT0266,266,厚労省編職業分類１,12_074-13
JT0266,266,主な日本標準職業分類,H545
JT0266,266,日本標準職業分類１,H545
JT0267,267,主な厚労省編職業分類,02_007-02
JT0267,267,厚労省編職業分類１,02_007-02
JT0267,267,主な日本標準職業分類,B082
JT0267,267,日本標準職業分類１,B082
JT0268,268,主な厚労省編職業分類,12_074-06
JT0268,268,厚労省編職業分類１,12_070-02
JT0268,268,厚労省編職業分類２,12_074-06
JT0268,268,主な日本標準職業分類,H542
JT0268,268,日本標準職業分類１,H512
JT0268,268,日本標準職業分類２,H542
JT0269,269,主な厚労省編職業分類,12_075-01
JT0269,269,厚労省編職業分類１,12_075-01
JT0269,269,主な日本標準職業分類,H551
JT0269,269,日本標準職業分類１,H551
JT0270,270,主な厚労省編職業分類,02_006-04
JT0270,270,厚労省編職業分類１,02_006-04
JT0270,270,厚労省編職業分類２,02_007-05
JT0270,270,主な日本標準職業分類,B074
JT0270,270,日本標準職業分類１,B074
JT0270,270,日本標準職業分類２,B084
JT0271,271,主な厚労省編職業分類,02_006-03
JT0271,271,厚労省編職業分類１,02_006-03
JT0271,271,厚労省編職業分類２,02_007-04
JT0271,271,主な日本標準職業分類,B073
JT0271,271,日本標準職業分類１,B073
JT0271,271,日本標準職業分類２,B083
JT0272,272,主な厚労省編職業分類,02_006-02
JT0272,272,厚労省編職業分類１,02_006-02
JT0272,272,厚労省編職業分類２,02_007-02
JT0272,272,主な日本標準職業分類,B072
JT0272,272,日本標準職業分類１,B072
JT0272,272,日本標準職業分類２,B082
JT0273,273,主な厚労省編職業分類,02_006-02
JT0273,273,厚労省編職業分類１,02_006-02
JT0273,273,厚労省編職業分類２,02_007-02
JT0273,273,主な日本標準職業分類,B072
JT0273,273,日本標準職業分類１,B072
JT0273,273,日本標準職業分類２,B082
JT0274,274,主な厚労省編職業分類,02_010-06
JT0274,274,厚労省編職業分類１,02_010-06
JT0274,274,主な日本標準職業分類,B106
JT0274,274,日本標準職業分類１,B106
JT0275,275,主な厚労省編職業分類,12_075-02
JT0275,275,厚労省編職業分類１,12_075-02
JT0275,275,主な日本標準職業分類,H552
JT0275,275,日本標準職業分類１,H552
JT0276,276,主な厚労省編職業分類,02_006-03
JT0276,276,厚労省編職業分類１,02_006-03
JT0276,276,主な日本標準職業分類,B073
JT0276,276,日本標準職業分類１,B073
JT0277,277,主な厚労省編職業分類,12_074-04
JT0277,277,厚労省編職業分類１,12_074-04
JT0277,277,主な日本標準職業分類,H542
JT0277,277,日本標準職業分類１,H542
JT0278,278,主な厚労省編職業分類,12_069-03
JT0278,278,厚労省編職業分類１,12_069-03
JT0278,278,厚労省編職業分類２,12_073-03
JT0278,278,主な日本標準職業分類,H505
JT0278,278,日本標準職業分類１,H505
JT0278,278,日本標準職業分類２,H535
JT0279,279,主な厚労省編職業分類,12_069-03
JT0279,279,厚労省編職業分類１,12_069-03
JT0279,279,厚労省編職業分類２,12_073-03
JT0279,279,主な日本標準職業分類,H505
JT0279,279,日本標準職業分類１,H505
JT0279,279,日本標準職業分類２,H535
JT0280,280,主な厚労省編職業分類,12_073-03
JT0280,280,厚労省編職業分類１,12_073-03
JT0280,280,主な日本標準職業分類,H535
JT0280,280,日本標準職業分類１,H535
JT0281,281,主な厚労省編職業分類,12_073-04
JT0281,281,厚労省編職業分類１,12_069-04
JT0281,281,厚労省編職業分類２,12_073-04
JT0281,281,主な日本標準職業分類,H536
JT0281,281,日本標準職業分類１,H506
JT0281,281,日本標準職業分類２,H536
JT0282,282,主な厚労省編職業分類,12_073-04
JT0282,282,厚労省編職業分類１,12_069-04
JT0282,282,厚労省編職業分類２,12_073-04
JT0282,282,主な日本標準職業分類,H536
JT0282,282,日本標準職業分類１,H506
JT0282,282,日本標準職業分類２,H536
JT0283,283,主な厚労省編職業分類,12_073-04
JT0283,283,厚労省編職業分類１,12_073-04
JT0283,283,主な日本標準職業分類,H536
JT0283,283,日本標準職業分類１,H536
JT0284,284,主な厚労省編職業分類,12_075-01
JT0284,284,厚労省編職業分類１,12_075-01
JT0284,284,主な日本標準職業分類,H551
JT0284,284,日本標準職業分類１,H551
JT0285,285,主な厚労省編職業分類,12_073-05
JT0285,285,厚労省編職業分類１,12_069-04
JT0285,285,厚労省編職業分類２,12_073-05
JT0285,285,主な日本標準職業分類,H536
JT0285,285,日本標準職業分類１,H506
JT0285,285,日本標準職業分類２,H536
JT0286,286,主な厚労省編職業分類,12_073-03
JT0286,286,厚労省編職業分類１,12_069-03
JT0286,286,厚労省編職業分類２,12_073-03
JT0286,286,主な日本標準職業分類,H535
JT0286,286,日本標準職業分類１,H505
JT0286,286,日本標準職業分類２,H535
JT0287,287,主な厚労省編職業分類,12_073-04
JT0287,287,厚労省編職業分類１,12_073-04
JT0287,287,主な日本標準職業分類,H536
JT0287,287,日本標準職業分類１,H536
JT0288,288,主な厚労省編職業分類,02_006-01
JT0288,288,厚労省編職業分類１,02_006-01
JT0288,288,厚労省編職業分類２,02_007-01
JT0288,288,主な日本標準職業分類,B071
JT0288,288,日本標準職業分類１,B071
JT0288,288,日本標準職業分類２,B081
JT0289,289,主な厚労省編職業分類,12_073-99
JT0289,289,厚労省編職業分類１,12_073-99
JT0289,289,主な日本標準職業分類,H539
JT0289,289,日本標準職業分類１,H539
JT0290,290,主な厚労省編職業分類,12_073-99
JT0290,290,厚労省編職業分類１,12_073-99
JT0290,290,主な日本標準職業分類,H539
JT0290,290,日本標準職業分類１,H539
JT0291,291,主な厚労省編職業分類,12_073-99
JT0291,291,厚労省編職業分類１,12_073-99
JT0291,291,主な日本標準職業分類,H539
JT0291,291,日本標準職業分類１,H539
JT0292,292,主な厚労省編職業分類,12_073-99
JT0292,292,厚労省編職業分類１,12_073-99
JT0292,292,主な日本標準職業分類,H539
JT0292,292,日本標準職業分類１,H539
JT0295,295,主な厚労省編職業分類,12_069-01
JT0295,295,厚労省編職業分類１,12_069-01
JT0295,295,厚労省編職業分類２,12_073-01
JT0295,295,主な日本標準職業分類,H501
JT0295,295,日本標準職業分類１,H501
JT0295,295,日本標準職業分類２,H531
JT0296,296,主な厚労省編職業分類,02_007-03
JT0296,296,厚労省編職業分類１,02_007-03
JT0296,296,厚労省編職業分類２,02_007-04
JT0296,296,厚労省編職業分類３,02_007-08
JT0296,296,厚労省編職業分類４,02_007-01
JT0296,296,厚労省編職業分類５,02_007-02
JT0296,296,主な日本標準職業分類,B082
JT0296,296,日本標準職業分類１,B082
JT0296,296,日本標準職業分類２,B083
JT0296,296,日本標準職業分類３,B087
JT0296,296,日本標準職業分類４,B081
JT0296,296,日本標準職業分類５,B082
JT0297,297,主な厚労省編職業分類,12_069-06
JT0297,297,厚労省編職業分類１,12_069-06
JT0297,297,厚労省編職業分類２,12_073-07
JT0297,297,主な日本標準職業分類,H508
JT0297,297,日本標準職業分類１,H508
JT0297,297,日本標準職業分類２,H538
JT0298,298,主な厚労省編職業分類,12_073-01
JT0298,298,厚労省編職業分類１,12_069-01
JT0298,298,厚労省編職業分類２,12_073-01
JT0298,298,主な日本標準職業分類,H531
JT0298,298,日本標準職業分類１,H501
JT0298,298,日本標準職業分類２,H531
JT0299,299,主な厚労省編職業分類,12_069-01
JT0299,299,厚労省編職業分類１,12_069-01
JT0299,299,主な日本標準職業分類,H501
JT0299,299,日本標準職業分類１,H501
JT0300,300,主な厚労省編職業分類,12_069-01
JT0300,300,厚労省編職業分類１,12_069-01
JT0300,300,厚労省編職業分類２,12_073-01
JT0300,300,主な日本標準職業分類,H501
JT0300,300,日本標準職業分類１,H501
JT0300,300,日本標準職業分類２,H531
JT0301,301,主な厚労省編職業分類,02_007-99
JT0301,301,厚労省編職業分類１,02_006-99
JT0301,301,厚労省編職業分類２,02_007-99
JT0301,301,主な日本標準職業分類,B089
JT0301,301,日本標準職業分類１,B079
JT0301,301,日本標準職業分類２,B089
JT0302,302,主な厚労省編職業分類,13_089-02
JT0302,302,厚労省編職業分類１,13_089-02
JT0302,302,主な日本標準職業分類,I641
JT0302,302,日本標準職業分類１,I641
JT0303,303,主な厚労省編職業分類,02_007-08
JT0303,303,厚労省編職業分類１,02_007-08
JT0303,303,主な日本標準職業分類,B087
JT0303,303,日本標準職業分類１,B087
JT0304,304,主な厚労省編職業分類,02_007-99
JT0304,304,厚労省編職業分類１,02_006-99
JT0304,304,厚労省編職業分類２,02_007-99
JT0304,304,主な日本標準職業分類,B089
JT0304,304,日本標準職業分類１,B079
JT0304,304,日本標準職業分類２,B089
JT0305,305,主な厚労省編職業分類,02_007-99
JT0305,305,厚労省編職業分類１,02_006-99
JT0305,305,厚労省編職業分類２,02_007-99
JT0305,305,主な日本標準職業分類,B089
JT0305,305,日本標準職業分類１,B079
JT0305,305,日本標準職業分類２,B089
JT0306,306,主な厚労省編職業分類,12_073-02
JT0306,306,厚労省編職業分類１,12_073-02
JT0306,306,主な日本標準職業分類,H532
JT0306,306,日本標準職業分類１,H532
JT0307,307,主な厚労省編職業分類,12_073-01
JT0307,307,厚労省編職業分類１,12_073-01
JT0307,307,主な日本標準職業分類,H531
JT0307,307,日本標準職業分類１,H531
JT0308,308,主な厚労省編職業分類,02_006-07
JT0308,308,厚労省編職業分類１,02_006-07
JT0308,308,厚労省編職業分類２,02_007-08
JT0308,308,主な日本標準職業分類,B077
JT0308,308,日本標準職業分類１,B077
JT0308,308,日本標準職業分類２,B087
JT0309,309,主な厚労省編職業分類,02_006-07
JT0309,309,厚労省編職業分類１,02_006-07
JT0309,309,主な日本標準職業分類,B077
JT0309,309,日本標準職業分類１,B077
JT0310,310,主な厚労省編職業分類,02_011-99
JT0310,310,厚労省編職業分類１,02_011-99
JT0310,310,主な日本標準職業分類,B119
JT0310,310,日本標準職業分類１,B119
JT0311,311,主な厚労省編職業分類,02_006-03
JT0311,311,厚労省編職業分類１,02_006-03
JT0311,311,主な日本標準職業分類,B073
JT0311,311,日本標準職業分類１,B073
JT0312,312,主な厚労省編職業分類,02_009-01
JT0312,312,厚労省編職業分類１,02_009-01
JT0312,312,主な日本標準職業分類,B104
JT0312,312,日本標準職業分類１,B104
JT0313,313,主な厚労省編職業分類,02_009-03
JT0313,313,厚労省編職業分類１,02_009-03
JT0313,313,主な日本標準職業分類,B104
JT0313,313,日本標準職業分類１,B104
JT0314,314,主な厚労省編職業分類,02_009-01
JT0314,314,厚労省編職業分類１,02_009-01
JT0314,314,主な日本標準職業分類,B104
JT0314,314,日本標準職業分類１,B104
JT0315,315,主な厚労省編職業分類,02_009-02
JT0315,315,厚労省編職業分類１,02_009-02
JT0315,315,主な日本標準職業分類,B104
JT0315,315,日本標準職業分類１,B104
JT0316,316,主な厚労省編職業分類,02_009-01
JT0316,316,厚労省編職業分類１,02_009-01
JT0316,316,主な日本標準職業分類,B104
JT0316,316,日本標準職業分類１,B104
JT0317,317,主な厚労省編職業分類,02_009-01
JT0317,317,厚労省編職業分類１,02_009-01
JT0317,317,主な日本標準職業分類,B104
JT0317,317,日本標準職業分類１,B104
JT0318,318,主な厚労省編職業分類,02_010-02
JT0318,318,厚労省編職業分類１,02_010-02
JT0318,318,主な日本標準職業分類,B102
JT0318,318,日本標準職業分類１,B102
JT0318,318,日本標準職業分類２,B106
JT0319,319,主な厚労省編職業分類,02_010-04
JT0319,319,厚労省編職業分類１,02_010-04
JT0319,319,主な日本標準職業分類,B105
JT0319,319,日本標準職業分類１,B105
JT0320,320,主な厚労省編職業分類,02_010-05
JT0320,320,厚労省編職業分類１,02_010-05
JT0320,320,主な日本標準職業分類,B105
JT0320,320,日本標準職業分類１,B105
JT0321,321,主な厚労省編職業分類,02_010-04
JT0321,321,厚労省編職業分類１,02_010-04
JT0321,321,主な日本標準職業分類,B105
JT0321,321,日本標準職業分類１,B105
JT0322,322,主な厚労省編職業分類,02_010-03
JT0322,322,厚労省編職業分類１,02_010-03
JT0322,322,主な日本標準職業分類,B103
JT0322,322,日本標準職業分類１,B103
JT0323,323,主な厚労省編職業分類,02_011-99
JT0323,323,厚労省編職業分類１,02_011-99
JT0323,323,主な日本標準職業分類,B119
JT0323,323,日本標準職業分類１,B119
JT0324,324,主な厚労省編職業分類,02_010-01
JT0324,324,厚労省編職業分類１,02_010-01
JT0324,324,厚労省編職業分類２,02_010-99
JT0324,324,主な日本標準職業分類,B101
JT0324,324,日本標準職業分類１,B101
JT0324,324,日本標準職業分類２,B109
JT0325,325,主な厚労省編職業分類,02_010-99
JT0325,325,厚労省編職業分類１,02_010-99
JT0325,325,主な日本標準職業分類,B109
JT0325,325,日本標準職業分類１,B109
JT0326,326,主な厚労省編職業分類,03_017-01
JT0326,326,厚労省編職業分類１,03_017-01
JT0326,326,主な日本標準職業分類,B224
JT0326,326,日本標準職業分類１,B224
JT0327,327,主な厚労省編職業分類,03_020-99
JT0327,327,厚労省編職業分類１,03_020-99
JT0327,327,主な日本標準職業分類,B249
JT0327,327,日本標準職業分類１,B249
JT0328,328,主な厚労省編職業分類,03_020-99
JT0328,328,厚労省編職業分類１,03_020-99
JT0328,328,主な日本標準職業分類,B249
JT0328,328,日本標準職業分類１,B249
JT0329,329,主な厚労省編職業分類,03_017-99
JT0329,329,厚労省編職業分類１,03_017-99
JT0329,329,主な日本標準職業分類,B224
JT0329,329,日本標準職業分類１,B224
JT0330,330,主な厚労省編職業分類,03_020-99
JT0330,330,厚労省編職業分類１,03_020-99
JT0330,330,主な日本標準職業分類,B249
JT0330,330,日本標準職業分類１,B249
JT0331,331,主な厚労省編職業分類,03_020-99
JT0331,331,厚労省編職業分類１,03_020-99
JT0331,331,主な日本標準職業分類,B249
JT0331,331,日本標準職業分類１,B249
JT0332,332,主な厚労省編職業分類,03_017-02
JT0332,332,厚労省編職業分類１,03_017-02
JT0332,332,主な日本標準職業分類,B224
JT0332,332,日本標準職業分類１,B224
JT0333,333,主な厚労省編職業分類,03_020-99
JT0333,333,厚労省編職業分類１,03_020-99
JT0333,333,主な日本標準職業分類,B249
JT0333,333,日本標準職業分類１,B249
JT0334,334,主な厚労省編職業分類,03_017-02
JT0334,334,厚労省編職業分類１,03_017-02
JT0334,334,主な日本標準職業分類,B224
JT0334,334,日本標準職業分類１,B224
JT0335,335,主な厚労省編職業分類,03_015-01
JT0335,335,厚労省編職業分類１,03_015-01
JT0335,335,主な日本標準職業分類,B211
JT0335,335,日本標準職業分類１,B211
JT0336,336,主な厚労省編職業分類,03_017-99
JT0336,336,厚労省編職業分類１,03_017-99
JT0336,336,主な日本標準職業分類,B224
JT0336,336,日本標準職業分類１,B224
JT0337,337,主な厚労省編職業分類,03_017-99
JT0337,337,厚労省編職業分類１,03_017-99
JT0337,337,主な日本標準職業分類,B224
JT0337,337,日本標準職業分類１,B224
JT0338,338,主な厚労省編職業分類,03_017-99
JT0338,338,厚労省編職業分類１,03_017-99
JT0338,338,主な日本標準職業分類,B224
JT0338,338,日本標準職業分類１,B224
JT0339,339,主な厚労省編職業分類,03_017-99
JT0339,339,厚労省編職業分類１,03_017-99
JT0339,339,主な日本標準職業分類,B224
JT0339,339,日本標準職業分類１,B224
JT0340,340,主な厚労省編職業分類,03_017-99
JT0340,340,厚労省編職業分類１,03_017-99
JT0340,340,主な日本標準職業分類,B224
JT0340,340,日本標準職業分類１,B224
JT0341,341,主な厚労省編職業分類,12_080-06
JT0341,341,厚労省編職業分類１,12_080-06
JT0341,341,主な日本標準職業分類,H591
JT0341,341,日本標準職業分類１,H591
JT0342,342,主な厚労省編職業分類,03_016-01
JT0342,342,厚労省編職業分類１,03_016-01
JT0342,342,主な日本標準職業分類,B222
JT0342,342,日本標準職業分類１,B222
JT0342,342,日本標準職業分類２,B222
JT0342,342,日本標準職業分類３,B223
JT0343,343,主な厚労省編職業分類,12_080-03
JT0343,343,厚労省編職業分類１,12_080-03
JT0343,343,主な日本標準職業分類,H591
JT0343,343,日本標準職業分類１,H591
JT0344,344,主な厚労省編職業分類,12_080-03
JT0344,344,厚労省編職業分類１,12_080-03
JT0344,344,主な日本標準職業分類,H591
JT0344,344,日本標準職業分類１,H591
JT0345,345,主な厚労省編職業分類,03_016-01
JT0345,345,厚労省編職業分類１,03_016-01
JT0345,345,主な日本標準職業分類,B222
JT0345,345,日本標準職業分類１,B222
JT0345,345,日本標準職業分類２,B222
JT0345,345,日本標準職業分類３,B223
JT0346,346,主な厚労省編職業分類,03_020-99
JT0346,346,厚労省編職業分類１,03_020-99
JT0346,346,主な日本標準職業分類,B249
JT0346,346,日本標準職業分類１,B249
JT0347,347,主な厚労省編職業分類,03_017-99
JT0347,347,厚労省編職業分類１,03_017-99
JT0347,347,主な日本標準職業分類,B224
JT0347,347,日本標準職業分類１,B224
JT0348,348,主な厚労省編職業分類,03_017-99
JT0348,348,厚労省編職業分類１,03_017-99
JT0348,348,主な日本標準職業分類,B224
JT0348,348,日本標準職業分類１,B224
JT0349,349,主な厚労省編職業分類,03_017-99
JT0349,349,厚労省編職業分類１,03_017-99
JT0349,349,主な日本標準職業分類,B224
JT0349,349,日本標準職業分類１,B224
JT0350,350,主な厚労省編職業分類,03_017-99
JT0350,350,厚労省編職業分類１,03_017-99
JT0350,350,主な日本標準職業分類,B224
JT0350,350,日本標準職業分類１,B224
JT0351,351,主な厚労省編職業分類,03_020-99
JT0351,351,厚労省編職業分類１,03_020-99
JT0351,351,主な日本標準職業分類,B249
JT0351,351,日本標準職業分類１,B249
JT0352,352,主な厚労省編職業分類,03_018-03
JT0352,352,厚労省編職業分類１,03_018-03
JT0352,352,主な日本標準職業分類,B234
JT0352,352,日本標準職業分類１,B234
JT0353,353,主な厚労省編職業分類,03_018-03
JT0353,353,厚労省編職業分類１,03_018-03
JT0353,353,主な日本標準職業分類,B234
JT0353,353,日本標準職業分類１,B234
JT0354,354,主な厚労省編職業分類,03_017-99
JT0354,354,厚労省編職業分類１,03_017-99
JT0354,354,主な日本標準職業分類,B224
JT0354,354,日本標準職業分類１,B224
JT0355,355,主な厚労省編職業分類,03_016-02
JT0355,355,厚労省編職業分類１,03_016-02
JT0355,355,主な日本標準職業分類,B225
JT0355,355,日本標準職業分類１,B225
JT0356,356,主な厚労省編職業分類,03_016-02
JT0356,356,厚労省編職業分類１,03_016-02
JT0356,356,主な日本標準職業分類,B225
JT0356,356,日本標準職業分類１,B225
JT0357,357,主な厚労省編職業分類,03_016-02
JT0357,357,厚労省編職業分類１,03_016-02
JT0357,357,主な日本標準職業分類,B225
JT0357,357,日本標準職業分類１,B225
JT0358,358,主な厚労省編職業分類,03_015-03
JT0358,358,厚労省編職業分類１,03_015-03
JT0358,358,主な日本標準職業分類,B212
JT0358,358,日本標準職業分類１,B212
JT0359,359,主な厚労省編職業分類,12_073-06
JT0359,359,厚労省編職業分類１,12_073-06
JT0359,359,主な日本標準職業分類,H537
JT0359,359,日本標準職業分類１,H537
JT0360,360,主な厚労省編職業分類,12_069-05
JT0360,360,厚労省編職業分類１,12_069-05
JT0360,360,厚労省編職業分類２,12_073-06
JT0360,360,主な日本標準職業分類,H507
JT0360,360,日本標準職業分類１,H507
JT0360,360,日本標準職業分類２,H537
JT0361,361,主な厚労省編職業分類,12_073-06
JT0361,361,厚労省編職業分類１,12_069-05
JT0361,361,厚労省編職業分類２,12_073-06
JT0361,361,主な日本標準職業分類,H537
JT0361,361,日本標準職業分類１,H507
JT0361,361,日本標準職業分類２,H537
JT0362,362,主な厚労省編職業分類,02_010-01
JT0362,362,厚労省編職業分類１,02_010-01
JT0362,362,主な日本標準職業分類,B101
JT0362,362,日本標準職業分類１,B101
JT0363,363,主な厚労省編職業分類,03_020-99
JT0363,363,厚労省編職業分類１,03_020-99
JT0363,363,主な日本標準職業分類,B249
JT0363,363,日本標準職業分類１,B249
JT0364,364,主な厚労省編職業分類,03_013-99
JT0364,364,厚労省編職業分類１,03_013-99
JT0364,364,厚労省編職業分類２,03_013-03
JT0364,364,主な日本標準職業分類,B189
JT0364,364,日本標準職業分類１,B189
JT0364,364,日本標準職業分類２,B183
JT0365,365,主な厚労省編職業分類,03_020-99
JT0365,365,厚労省編職業分類１,03_020-99
JT0365,365,主な日本標準職業分類,B249
JT0365,365,日本標準職業分類１,B249
JT0366,366,主な厚労省編職業分類,03_020-99
JT0366,366,厚労省編職業分類１,03_020-99
JT0366,366,主な日本標準職業分類,B249
JT0366,366,日本標準職業分類１,B249
JT0388,388,主な厚労省編職業分類,02_004-01
JT0388,388,厚労省編職業分類１,02_004-01
JT0388,388,主な日本標準職業分類,B051
JT0388,388,日本標準職業分類１,B051
JT0389,389,主な厚労省編職業分類,02_004-01
JT0389,389,厚労省編職業分類１,02_004-01
JT0389,389,主な日本標準職業分類,B051
JT0389,389,日本標準職業分類１,B051
JT0390,390,主な厚労省編職業分類,02_004-01
JT0390,390,厚労省編職業分類１,02_004-01
JT0390,390,主な日本標準職業分類,B051
JT0390,390,日本標準職業分類１,B051
JT0391,391,主な厚労省編職業分類,02_004-01
JT0391,391,厚労省編職業分類１,02_004-01
JT0391,391,主な日本標準職業分類,B051
JT0391,391,日本標準職業分類１,B051
JT0392,392,主な厚労省編職業分類,02_004-01
JT0392,392,厚労省編職業分類１,02_004-01
JT0392,392,主な日本標準職業分類,B051
JT0392,392,日本標準職業分類１,B051
JT0393,393,主な厚労省編職業分類,02_004-01
JT0393,393,厚労省編職業分類１,02_004-01
JT0393,393,主な日本標準職業分類,B051
JT0393,393,日本標準職業分類１,B051
JT0394,394,主な厚労省編職業分類,02_004-02
JT0394,394,厚労省編職業分類１,02_004-02
JT0394,394,主な日本標準職業分類,B052
JT0394,394,日本標準職業分類１,B052
JT0395,395,主な厚労省編職業分類,05_031-06
JT0395,395,厚労省編職業分類１,05_031-06
JT0395,395,厚労省編職業分類２,05_031-01
JT0395,395,厚労省編職業分類３,05_031-02
JT0395,395,厚労省編職業分類４,05_031-04
JT0395,395,厚労省編職業分類５,05_031-05
JT0395,395,主な日本標準職業分類,B196
JT0395,395,日本標準職業分類１,B196
JT0395,395,日本標準職業分類２,B192
JT0395,395,日本標準職業分類３,B193
JT0395,395,日本標準職業分類４,B194
JT0395,395,日本標準職業分類５,B195
JT0396,396,主な厚労省編職業分類,05_032-01
JT0396,396,厚労省編職業分類１,05_032-01
JT0396,396,厚労省編職業分類２,05_031-99
JT0396,396,主な日本標準職業分類,B244
JT0396,396,日本標準職業分類１,B244
JT0396,396,日本標準職業分類２,B199
JT0397,397,主な厚労省編職業分類,05_031-99
JT0397,397,厚労省編職業分類１,05_031-99
JT0397,397,厚労省編職業分類２,05_032-01
JT0397,397,主な日本標準職業分類,B199
JT0397,397,日本標準職業分類１,B199
JT0397,397,日本標準職業分類２,B244
JT0398,398,主な厚労省編職業分類,05_032-01
JT0398,398,厚労省編職業分類１,05_032-01
JT0398,398,厚労省編職業分類２,05_031-99
JT0398,398,主な日本標準職業分類,B244
JT0398,398,日本標準職業分類１,B244
JT0398,398,日本標準職業分類２,B199
JT0399,399,主な厚労省編職業分類,05_031-99
JT0399,399,厚労省編職業分類１,05_031-99
JT0399,399,主な日本標準職業分類,B199
JT0399,399,日本標準職業分類１,B199
JT0400,400,主な厚労省編職業分類,03_020-99
JT0400,400,厚労省編職業分類１,03_020-99
JT0400,400,主な日本標準職業分類,B249
JT0400,400,日本標準職業分類１,B249
JT0401,401,主な厚労省編職業分類,10_062-02
JT0401,401,厚労省編職業分類１,10_062-02
JT0401,401,主な日本標準職業分類,F452
JT0401,401,日本標準職業分類１,F452
JT0402,402,主な厚労省編職業分類,04_021-01
JT0402,402,厚労省編職業分類１,04_021-01
JT0402,402,主な日本標準職業分類,B121
JT0402,402,日本標準職業分類１,B121
JT0403,403,主な厚労省編職業分類,04_021-01
JT0403,403,厚労省編職業分類１,04_021-01
JT0403,403,主な日本標準職業分類,B121
JT0403,403,日本標準職業分類１,B121
JT0404,404,主な厚労省編職業分類,04_021-01
JT0404,404,厚労省編職業分類１,04_021-01
JT0404,404,主な日本標準職業分類,B121
JT0404,404,日本標準職業分類１,B121
JT0405,405,主な厚労省編職業分類,04_021-01
JT0405,405,厚労省編職業分類１,04_021-01
JT0405,405,主な日本標準職業分類,B121
JT0405,405,日本標準職業分類１,B121
JT0406,406,主な厚労省編職業分類,04_021-01
JT0406,406,厚労省編職業分類１,04_021-01
JT0406,406,主な日本標準職業分類,B121
JT0406,406,日本標準職業分類１,B121
JT0407,407,主な厚労省編職業分類,04_027-99
JT0407,407,厚労省編職業分類１,04_027-99
JT0407,407,厚労省編職業分類２,04_021-04
JT0407,407,厚労省編職業分類３,04_023-01
JT0407,407,厚労省編職業分類４,04_024-03
JT0407,407,主な日本標準職業分類,B159
JT0407,407,日本標準職業分類１,B159
JT0407,407,日本標準職業分類２,B124
JT0407,407,日本標準職業分類３,B133
JT0407,407,日本標準職業分類４,B143
JT0408,408,主な厚労省編職業分類,08_049-99
JT0408,408,厚労省編職業分類１,08_049-99
JT0408,408,主な日本標準職業分類,B169
JT0408,408,日本標準職業分類１,B169
JT0409,409,主な厚労省編職業分類,08_049-02
JT0409,409,厚労省編職業分類１,08_049-02
JT0409,409,主な日本標準職業分類,B161
JT0409,409,日本標準職業分類１,B161
JT0410,410,主な厚労省編職業分類,08_049-01
JT0410,410,厚労省編職業分類１,08_049-01
JT0410,410,主な日本標準職業分類,B162
JT0410,410,日本標準職業分類１,B162
JT0411,411,主な厚労省編職業分類,04_027-99
JT0411,411,厚労省編職業分類１,04_027-99
JT0411,411,厚労省編職業分類２,08_049-99
JT0411,411,主な日本標準職業分類,B159
JT0411,411,日本標準職業分類１,B159
JT0411,411,日本標準職業分類２,B162
JT0412,412,主な厚労省編職業分類,03_019-03
JT0412,412,厚労省編職業分類１,03_019-03
JT0412,412,主な日本標準職業分類,B243
JT0412,412,日本標準職業分類１,B243
JT0413,413,主な厚労省編職業分類,09_052-99
JT0413,413,厚労省編職業分類１,09_052-99
JT0413,413,主な日本標準職業分類,E359
JT0413,413,日本標準職業分類１,E359
JT0414,414,主な厚労省編職業分類,09_056-04
JT0414,414,厚労省編職業分類１,09_056-04
JT0414,414,主な日本標準職業分類,E404
JT0414,414,日本標準職業分類１,E404
JT0415,415,主な厚労省編職業分類,15_096-03
JT0415,415,厚労省編職業分類１,15_096-03
JT0415,415,主な日本標準職業分類,E404
JT0415,415,日本標準職業分類１,E404
JT0416,416,主な厚労省編職業分類,09_056-05
JT0416,416,厚労省編職業分類１,09_056-05
JT0416,416,主な日本標準職業分類,E404
JT0416,416,日本標準職業分類１,E404
JT0417,417,主な厚労省編職業分類,09_056-03
JT0417,417,厚労省編職業分類１,09_056-03
JT0417,417,主な日本標準職業分類,E403
JT0417,417,日本標準職業分類１,E403
JT0418,418,主な厚労省編職業分類,09_056-03
JT0418,418,厚労省編職業分類１,09_056-03
JT0418,418,厚労省編職業分類２,09_055-05
JT0418,418,主な日本標準職業分類,E403
JT0418,418,日本標準職業分類１,E403
JT0418,418,日本標準職業分類２,E391
JT0419,419,主な厚労省編職業分類,03_020-99
JT0419,419,厚労省編職業分類１,03_020-99
JT0419,419,主な日本標準職業分類,B249
JT0419,419,日本標準職業分類１,B249
JT0420,420,主な厚労省編職業分類,09_058-99
JT0420,420,厚労省編職業分類１,09_058-99
JT0420,420,主な日本標準職業分類,E429
JT0420,420,日本標準職業分類１,E429
JT0421,421,主な厚労省編職業分類,09_058-99
JT0421,421,厚労省編職業分類１,09_058-99
JT0421,421,主な日本標準職業分類,E429
JT0421,421,日本標準職業分類１,E429
JT0422,422,主な厚労省編職業分類,09_058-06
JT0422,422,厚労省編職業分類１,09_058-06
JT0422,422,主な日本標準職業分類,E425
JT0422,422,日本標準職業分類１,E425
JT0423,423,主な厚労省編職業分類,09_053-99
JT0423,423,厚労省編職業分類１,09_053-99
JT0423,423,主な日本標準職業分類,E383
JT0423,423,日本標準職業分類１,E383
JT0424,424,主な厚労省編職業分類,03_020-99
JT0424,424,厚労省編職業分類１,03_020-99
JT0424,424,主な日本標準職業分類,B249
JT0424,424,日本標準職業分類１,B249
JT0425,425,主な厚労省編職業分類,06_035-01
JT0425,425,厚労省編職業分類１,06_035-01
JT0425,425,主な日本標準職業分類,C259
JT0425,425,日本標準職業分類１,C259
JT0426,426,主な厚労省編職業分類,06_034-02
JT0426,426,厚労省編職業分類１,06_034-02
JT0426,426,主な日本標準職業分類,C255
JT0426,426,日本標準職業分類１,C255
JT0427,427,主な厚労省編職業分類,06_034-03
JT0427,427,厚労省編職業分類１,06_034-03
JT0427,427,主な日本標準職業分類,C254
JT0427,427,日本標準職業分類１,C254
JT0428,428,主な厚労省編職業分類,06_034-01
JT0428,428,厚労省編職業分類１,06_034-01
JT0428,428,主な日本標準職業分類,C257
JT0428,428,日本標準職業分類１,C257
JT0429,429,主な厚労省編職業分類,06_043-02
JT0429,429,厚労省編職業分類１,06_043-02
JT0429,429,主な日本標準職業分類,C312
JT0429,429,日本標準職業分類１,C312
JT0430,430,主な厚労省編職業分類,06_038-03
JT0430,430,厚労省編職業分類１,06_038-03
JT0430,430,主な日本標準職業分類,C263
JT0430,430,日本標準職業分類１,C263
JT0431,431,主な厚労省編職業分類,06_040-01
JT0431,431,厚労省編職業分類１,06_040-01
JT0431,431,主な日本標準職業分類,C281
JT0431,431,日本標準職業分類１,C281
JT0432,432,主な厚労省編職業分類,06_033-02
JT0432,432,厚労省編職業分類１,06_033-02
JT0432,432,主な日本標準職業分類,C252
JT0432,432,日本標準職業分類１,C252
JT0433,433,主な厚労省編職業分類,06_033-01
JT0433,433,厚労省編職業分類１,06_033-01
JT0433,433,主な日本標準職業分類,C251
JT0433,433,日本標準職業分類１,C251
JT0434,434,主な厚労省編職業分類,06_033-03
JT0434,434,厚労省編職業分類１,06_033-03
JT0434,434,主な日本標準職業分類,C253
JT0434,434,日本標準職業分類１,C253
JT0435,435,主な厚労省編職業分類,06_037-02
JT0435,435,厚労省編職業分類１,06_037-02
JT0435,435,主な日本標準職業分類,C259
JT0435,435,日本標準職業分類１,C259
JT0436,436,主な厚労省編職業分類,06_037-03
JT0436,436,厚労省編職業分類１,06_037-03
JT0436,436,主な日本標準職業分類,C259
JT0436,436,日本標準職業分類１,C259
JT0437,437,主な厚労省編職業分類,06_039-01
JT0437,437,厚労省編職業分類１,06_039-01
JT0437,437,主な日本標準職業分類,C271
JT0437,437,日本標準職業分類１,C271
JT0438,438,主な厚労省編職業分類,06_038-02
JT0438,438,厚労省編職業分類１,06_038-02
JT0438,438,主な日本標準職業分類,C262
JT0438,438,日本標準職業分類１,C262
JT0439,439,主な厚労省編職業分類,06_040-02
JT0439,439,厚労省編職業分類１,06_040-02
JT0439,439,主な日本標準職業分類,C281
JT0439,439,日本標準職業分類１,C281
JT0440,440,主な厚労省編職業分類,06_040-99
JT0440,440,厚労省編職業分類１,06_040-99
JT0440,440,主な日本標準職業分類,C289
JT0440,440,日本標準職業分類１,C289
JT0441,441,主な厚労省編職業分類,06_036-01
JT0441,441,厚労省編職業分類１,06_036-01
JT0441,441,厚労省編職業分類２,06_036-04
JT0441,441,主な日本標準職業分類,C256
JT0441,441,日本標準職業分類１,C256
JT0441,441,日本標準職業分類２,C259
JT0442,442,主な厚労省編職業分類,06_035-99
JT0442,442,厚労省編職業分類１,06_035-99
JT0442,442,主な日本標準職業分類,C259
JT0442,442,日本標準職業分類１,C259
JT0443,443,主な厚労省編職業分類,06_037-01
JT0443,443,厚労省編職業分類１,06_037-01
JT0443,443,主な日本標準職業分類,C259
JT0443,443,日本標準職業分類１,C259
JT0444,444,主な厚労省編職業分類,06_033-01
JT0444,444,厚労省編職業分類１,06_033-01
JT0444,444,主な日本標準職業分類,C251
JT0444,444,日本標準職業分類１,C251
JT0445,445,主な厚労省編職業分類,06_035-01
JT0445,445,厚労省編職業分類１,06_035-01
JT0445,445,主な日本標準職業分類,C259
JT0445,445,日本標準職業分類１,C259
JT0446,446,主な厚労省編職業分類,06_035-01
JT0446,446,厚労省編職業分類１,06_035-01
JT0446,446,主な日本標準職業分類,C259
JT0446,446,日本標準職業分類１,C259
JT0447,447,主な厚労省編職業分類,06_035-01
JT0447,447,厚労省編職業分類１,06_035-01
JT0447,447,主な日本標準職業分類,C259
JT0447,447,日本標準職業分類１,C259
JT0448,448,主な厚労省編職業分類,07_045-08
JT0448,448,厚労省編職業分類１,07_045-08
JT0448,448,主な日本標準職業分類,D323
JT0448,448,日本標準職業分類１,D323
JT0449,449,主な厚労省編職業分類,07_045-14
JT0449,449,厚労省編職業分類１,07_045-14
JT0449,449,主な日本標準職業分類,D323
JT0449,449,日本標準職業分類１,D323
JT0450,450,主な厚労省編職業分類,07_045-11
JT0450,450,厚労省編職業分類１,07_045-11
JT0450,450,主な日本標準職業分類,D323
JT0450,450,日本標準職業分類１,D323
JT0451,451,主な厚労省編職業分類,07_045-14
JT0451,451,厚労省編職業分類１,07_045-14
JT0451,451,主な日本標準職業分類,D323
JT0451,451,日本標準職業分類１,D323
JT0452,452,主な厚労省編職業分類,07_048-06
JT0452,452,厚労省編職業分類１,07_048-06
JT0452,452,主な日本標準職業分類,D345
JT0452,452,日本標準職業分類１,D345
JT0453,453,主な厚労省編職業分類,07_048-07
JT0453,453,厚労省編職業分類１,07_048-07
JT0453,453,主な日本標準職業分類,D346
JT0453,453,日本標準職業分類１,D346
JT0454,454,主な厚労省編職業分類,07_048-07
JT0454,454,厚労省編職業分類１,07_048-07
JT0454,454,主な日本標準職業分類,D346
JT0454,454,日本標準職業分類１,D346
JT0455,455,主な厚労省編職業分類,07_047-99
JT0455,455,厚労省編職業分類１,07_047-99
JT0455,455,主な日本標準職業分類,D333
JT0455,455,日本標準職業分類１,D333
JT0456,456,主な厚労省編職業分類,06_033-03
JT0456,456,厚労省編職業分類１,06_033-03
JT0456,456,主な日本標準職業分類,C253
JT0456,456,日本標準職業分類１,C253
JT0457,457,主な厚労省編職業分類,03_013-99
JT0457,457,厚労省編職業分類１,03_013-99
JT0457,457,主な日本標準職業分類,B184
JT0457,457,日本標準職業分類１,B184
JT0461,461,主な厚労省編職業分類,06_033-03
JT0461,461,厚労省編職業分類１,06_033-03
JT0461,461,主な日本標準職業分類,C253
JT0461,461,日本標準職業分類１,C253
JT0462,462,主な厚労省編職業分類,07_048-04
JT0462,462,厚労省編職業分類１,07_048-04
JT0462,462,主な日本標準職業分類,D344
JT0462,462,日本標準職業分類１,D344
JT0463,463,主な厚労省編職業分類,07_047-99
JT0463,463,厚労省編職業分類１,07_047-99
JT0463,463,厚労省編職業分類２,07_048-07
JT0463,463,主な日本標準職業分類,D333
JT0463,463,日本標準職業分類１,D333
JT0463,463,日本標準職業分類２,D346
JT0464,464,主な厚労省編職業分類,07_045-09
JT0464,464,厚労省編職業分類１,07_045-09
JT0464,464,主な日本標準職業分類,D323
JT0464,464,日本標準職業分類１,D323
JT0465,465,主な厚労省編職業分類,07_045-16
JT0465,465,厚労省編職業分類１,07_045-16
JT0465,465,主な日本標準職業分類,D324
JT0465,465,日本標準職業分類１,D324
JT0466,466,主な厚労省編職業分類,13_082-02
JT0466,466,厚労省編職業分類１,13_082-02
JT0466,466,主な日本標準職業分類,K705
JT0466,466,日本標準職業分類１,K705
JT0467,467,主な厚労省編職業分類,07_045-14
JT0467,467,厚労省編職業分類１,07_045-14
JT0467,467,主な日本標準職業分類,D323
JT0467,467,日本標準職業分類１,D323
JT0468,468,主な厚労省編職業分類,03_013-99
JT0468,468,厚労省編職業分類１,03_013-99
JT0468,468,主な日本標準職業分類,B184
JT0468,468,日本標準職業分類１,B184
JT0469,469,主な厚労省編職業分類,06_033-01
JT0469,469,厚労省編職業分類１,06_033-01
JT0469,469,主な日本標準職業分類,C251
JT0469,469,日本標準職業分類１,C251
JT0470,470,主な厚労省編職業分類,03_013-99
JT0470,470,厚労省編職業分類１,03_013-99
JT0470,470,主な日本標準職業分類,B184
JT0470,470,日本標準職業分類１,B184
JT0471,471,主な厚労省編職業分類,03_013-99
JT0471,471,厚労省編職業分類１,03_013-99
JT0471,471,主な日本標準職業分類,B184
JT0471,471,日本標準職業分類１,B184
JT0472,472,主な厚労省編職業分類,07_048-07
JT0472,472,厚労省編職業分類１,07_048-07
JT0472,472,厚労省編職業分類２,07_047-99
JT0472,472,主な日本標準職業分類,D346
JT0472,472,日本標準職業分類１,D346
JT0472,472,日本標準職業分類２,D333
JT0473,473,主な厚労省編職業分類,09_057-01
JT0473,473,厚労省編職業分類１,09_057-01
JT0473,473,主な日本標準職業分類,E411
JT0473,473,日本標準職業分類１,E411
JT0474,474,主な厚労省編職業分類,06_035-99
JT0474,474,厚労省編職業分類１,06_035-99
JT0474,474,主な日本標準職業分類,C259
JT0474,474,日本標準職業分類１,C259
JT0475,475,主な厚労省編職業分類,10_059-02
JT0475,475,厚労省編職業分類１,10_059-02
JT0475,475,主な日本標準職業分類,F459
JT0475,475,日本標準職業分類１,F459
JT0476,476,主な厚労省編職業分類,13_089-03
JT0476,476,厚労省編職業分類１,13_089-03
JT0476,476,主な日本標準職業分類,I642
JT0476,476,日本標準職業分類１,I642
JT0477,477,主な厚労省編職業分類,13_083-01
JT0477,477,厚労省編職業分類１,13_083-01
JT0477,477,厚労省編職業分類２,13_083-02
JT0477,477,主な日本標準職業分類,I613
JT0477,477,日本標準職業分類１,I613
JT0478,478,主な厚労省編職業分類,13_083-03
JT0478,478,厚労省編職業分類１,13_083-03
JT0478,478,主な日本標準職業分類,I613
JT0478,478,日本標準職業分類１,I613
JT0479,479,主な厚労省編職業分類,13_083-04
JT0479,479,厚労省編職業分類１,13_083-04
JT0479,479,主な日本標準職業分類,I613
JT0479,479,日本標準職業分類１,I613
JT0480,480,主な厚労省編職業分類,13_084-02
JT0480,480,厚労省編職業分類１,13_084-02
JT0480,480,主な日本標準職業分類,I611
JT0480,480,日本標準職業分類１,I611
JT0480,480,日本標準職業分類２,I612
JT0481,481,主な厚労省編職業分類,13_085-04
JT0481,481,厚労省編職業分類１,13_085-04
JT0481,481,主な日本標準職業分類,I612
JT0481,481,日本標準職業分類１,I612
JT0482,482,主な厚労省編職業分類,13_082-02
JT0482,482,厚労省編職業分類１,13_082-02
JT0482,482,主な日本標準職業分類,K705
JT0482,482,日本標準職業分類１,K705
JT0483,483,主な厚労省編職業分類,13_082-01
JT0483,483,厚労省編職業分類１,13_082-01
JT0483,483,主な日本標準職業分類,K705
JT0483,483,日本標準職業分類１,K705
JT0484,484,主な厚労省編職業分類,13_082-04
JT0484,484,厚労省編職業分類１,13_082-04
JT0484,484,主な日本標準職業分類,K705
JT0484,484,日本標準職業分類１,K705
JT0485,485,主な厚労省編職業分類,15_095-03
JT0485,485,厚労省編職業分類１,15_095-03
JT0485,485,主な日本標準職業分類,K704
JT0485,485,日本標準職業分類１,K704
JT0486,486,主な厚労省編職業分類,15_098-02
JT0486,486,厚労省編職業分類１,15_098-02
JT0486,486,主な日本標準職業分類,K739
JT0486,486,日本標準職業分類１,K739
JT0487,487,主な厚労省編職業分類,15_096-02
JT0487,487,厚労省編職業分類１,15_096-02
JT0487,487,主な日本標準職業分類,K712
JT0487,487,日本標準職業分類１,K712
JT0488,488,主な厚労省編職業分類,15_096-99
JT0488,488,厚労省編職業分類１,15_096-99
JT0488,488,主な日本標準職業分類,K719
JT0488,488,日本標準職業分類１,K719
JT0489,489,主な厚労省編職業分類,15_097-01
JT0489,489,厚労省編職業分類１,15_097-01
JT0489,489,主な日本標準職業分類,K721
JT0489,489,日本標準職業分類１,K721
JT0490,490,主な厚労省編職業分類,15_099-01
JT0490,490,厚労省編職業分類１,15_099-01
JT0490,490,主な日本標準職業分類,K739
JT0490,490,日本標準職業分類１,K739
JT0491,491,主な厚労省編職業分類,15_099-02
JT0491,491,厚労省編職業分類１,15_097-01
JT0491,491,厚労省編職業分類２,15_099-02
JT0491,491,主な日本標準職業分類,K739
JT0491,491,日本標準職業分類１,K739
JT0491,491,日本標準職業分類２,K721
JT0492,492,主な厚労省編職業分類,09_055-08
JT0492,492,厚労省編職業分類１,09_055-08
JT0492,492,主な日本標準職業分類,E391
JT0492,492,日本標準職業分類１,E391
JT0493,493,主な厚労省編職業分類,09_055-06
JT0493,493,厚労省編職業分類１,09_055-06
JT0493,493,厚労省編職業分類２,09_055-07
JT0493,493,主な日本標準職業分類,E391
JT0493,493,日本標準職業分類１,E391
JT0494,494,主な厚労省編職業分類,15_096-05
JT0494,494,厚労省編職業分類１,15_096-05
JT0494,494,主な日本標準職業分類,K714
JT0494,494,日本標準職業分類１,K714
JT0495,495,主な厚労省編職業分類,02_011-99
JT0495,495,厚労省編職業分類１,02_011-99
JT0495,495,主な日本標準職業分類,B119
JT0495,495,日本標準職業分類１,B119
JT0496,496,主な厚労省編職業分類,15_096-06
JT0496,496,厚労省編職業分類１,15_096-06
JT0496,496,厚労省編職業分類２,13_083-99
JT0496,496,主な日本標準職業分類,K715
JT0496,496,日本標準職業分類１,K715
JT0496,496,日本標準職業分類２,I613
JT0497,497,主な厚労省編職業分類,15_095-02
JT0497,497,厚労省編職業分類１,15_095-02
JT0497,497,主な日本標準職業分類,K703
JT0497,497,日本標準職業分類１,K703
JT0498,498,主な厚労省編職業分類,15_095-04
JT0498,498,厚労省編職業分類１,15_095-04
JT0498,498,主な日本標準職業分類,K706
JT0498,498,日本標準職業分類１,K706
JT0499,499,主な厚労省編職業分類,15_095-01
JT0499,499,厚労省編職業分類１,15_095-01
JT0499,499,主な日本標準職業分類,K702
JT0499,499,日本標準職業分類１,K702
JT0500,500,主な厚労省編職業分類,11_064-04
JT0500,500,厚労省編職業分類１,11_064-04
JT0500,500,主な日本標準職業分類,G462
JT0500,500,日本標準職業分類１,G462
JT0501,501,主な厚労省編職業分類,10_063-99
JT0501,501,厚労省編職業分類１,10_063-99
JT0501,501,主な日本標準職業分類,F459
JT0501,501,日本標準職業分類１,F459
JT0502,502,主な厚労省編職業分類,11_064-03
JT0502,502,厚労省編職業分類１,11_064-03
JT0502,502,主な日本標準職業分類,G462
JT0502,502,日本標準職業分類１,G462
JT0503,503,主な厚労省編職業分類,11_066-04
JT0503,503,厚労省編職業分類１,11_066-04
JT0503,503,主な日本標準職業分類,G484
JT0503,503,日本標準職業分類１,G484
JT0504,504,主な厚労省編職業分類,11_064-01
JT0504,504,厚労省編職業分類１,11_064-01
JT0504,504,主な日本標準職業分類,G461
JT0504,504,日本標準職業分類１,G461
JT0505,505,主な厚労省編職業分類,11_064-02
JT0505,505,厚労省編職業分類１,11_064-02
JT0505,505,主な日本標準職業分類,G461
JT0505,505,日本標準職業分類１,G461
JT0506,506,主な厚労省編職業分類,11_064-02
JT0506,506,厚労省編職業分類１,11_064-02
JT0506,506,主な日本標準職業分類,G461
JT0506,506,日本標準職業分類１,G461
JT0507,507,主な厚労省編職業分類,11_064-02
JT0507,507,厚労省編職業分類１,11_064-02
JT0507,507,主な日本標準職業分類,G461
JT0507,507,日本標準職業分類１,G461
JT0508,508,主な厚労省編職業分類,02_005-01
JT0508,508,厚労省編職業分類１,02_005-01
JT0508,508,主な日本標準職業分類,B061
JT0508,508,日本標準職業分類１,B061
JT0509,509,主な厚労省編職業分類,11_066-01
JT0509,509,厚労省編職業分類１,11_066-01
JT0509,509,主な日本標準職業分類,G481
JT0509,509,日本標準職業分類１,G481
JT0510,510,主な厚労省編職業分類,04_028-99
JT0510,510,厚労省編職業分類１,04_028-99
JT0510,510,主な日本標準職業分類,E379
JT0510,510,日本標準職業分類１,E379
JT0511,511,主な厚労省編職業分類,13_088-99
JT0511,511,厚労省編職業分類１,13_088-99
JT0511,511,主な日本標準職業分類,I639
JT0511,511,日本標準職業分類１,I639
JT0512,512,主な厚労省編職業分類,01_003-01
JT0512,512,厚労省編職業分類１,01_003-01
JT0512,512,主な日本標準職業分類,A011
JT0512,512,日本標準職業分類１,A011
JT0513,513,主な厚労省編職業分類,03_020-99
JT0513,513,厚労省編職業分類１,03_020-99
JT0513,513,主な日本標準職業分類,B249
JT0513,513,日本標準職業分類１,B249
JT0514,514,主な厚労省編職業分類,01_001-01
JT0514,514,厚労省編職業分類１,01_001-01
JT0514,514,主な日本標準職業分類,A021
JT0514,514,日本標準職業分類１,A021
JT0515,515,主な厚労省編職業分類,12_069-99
JT0515,515,厚労省編職業分類１,12_069-99
JT0515,515,厚労省編職業分類２,12_073-99
JT0515,515,主な日本標準職業分類,H509
JT0515,515,日本標準職業分類１,H509
JT0515,515,日本標準職業分類２,H539
JT0516,516,主な厚労省編職業分類,03_020-99
JT0516,516,厚労省編職業分類１,03_020-99
JT0516,516,主な日本標準職業分類,B249
JT0516,516,日本標準職業分類１,B249
JT0517,517,主な厚労省編職業分類,06_035-99
JT0517,517,厚労省編職業分類１,06_035-99
JT0517,517,主な日本標準職業分類,C259
JT0517,517,日本標準職業分類１,C259
JT0518,518,主な厚労省編職業分類,03_012-99
JT0518,518,厚労省編職業分類１,03_012-99
JT0518,518,主な日本標準職業分類,B179
JT0518,518,日本標準職業分類１,B179
JT0519,519,主な厚労省編職業分類,03_020-99
JT0519,519,厚労省編職業分類１,03_020-99
JT0519,519,主な日本標準職業分類,B249
JT0519,519,日本標準職業分類１,B249
JT0520,520,主な厚労省編職業分類,02_010-99
JT0520,520,厚労省編職業分類１,02_010-99
JT0520,520,主な日本標準職業分類,B109
JT0520,520,日本標準職業分類１,B109
JT0521,521,主な厚労省編職業分類,03_012-99
JT0521,521,厚労省編職業分類１,03_012-99
JT0521,521,主な日本標準職業分類,B179
JT0521,521,日本標準職業分類１,B179
JT0522,522,主な厚労省編職業分類,06_033-03
JT0522,522,厚労省編職業分類１,06_033-03
JT0522,522,主な日本標準職業分類,C253
JT0522,522,日本標準職業分類１,C253
JT0523,523,主な厚労省編職業分類,02_010-99
JT0523,523,厚労省編職業分類１,02_010-99
JT0523,523,主な日本標準職業分類,B109
JT0523,523,日本標準職業分類１,B109
JT0524,524,主な厚労省編職業分類,03_013-99
JT0524,524,厚労省編職業分類１,03_013-99
JT0524,524,主な日本標準職業分類,B184
JT0524,524,日本標準職業分類１,B189
JT0524,524,日本標準職業分類２,B184
JT0525,525,主な厚労省編職業分類,13_083-99
JT0525,525,厚労省編職業分類１,13_083-99
JT0525,525,主な日本標準職業分類,I613
JT0525,525,日本標準職業分類１,I613
JT0526,526,主な厚労省編職業分類,12_076-02
JT0526,526,厚労省編職業分類１,12_076-02
JT0526,526,厚労省編職業分類２,12_079-02
JT0526,526,厚労省編職業分類３,12_078-01
JT0526,526,厚労省編職業分類４,12_078-06
JT0526,526,厚労省編職業分類５,12_079-01
JT0526,526,主な日本標準職業分類,H562
JT0526,526,日本標準職業分類１,H562
JT0526,526,日本標準職業分類２,H582
JT0526,526,日本標準職業分類３,H571
JT0526,526,日本標準職業分類４,H578
JT0526,526,日本標準職業分類５,H581
JT0527,527,主な厚労省編職業分類,07_048-01
JT0527,527,厚労省編職業分類１,07_048-01
JT0527,527,主な日本標準職業分類,D341
JT0527,527,日本標準職業分類１,D341
JT0528,528,主な厚労省編職業分類,02_006-04
JT0528,528,厚労省編職業分類１,02_006-04
JT0528,528,主な日本標準職業分類,B074
JT0528,528,日本標準職業分類１,B074
JT0529,529,主な厚労省編職業分類,02_006-02
JT0529,529,厚労省編職業分類１,02_006-02
JT0529,529,厚労省編職業分類２,02_006-03
JT0529,529,主な日本標準職業分類,B072
JT0529,529,日本標準職業分類１,B072
JT0529,529,日本標準職業分類２,B073
JT0530,530,主な厚労省編職業分類,06_037-01
JT0530,530,厚労省編職業分類１,06_037-01
JT0530,530,主な日本標準職業分類,C259
JT0530,530,日本標準職業分類１,C259
JT0531,531,主な厚労省編職業分類,06_043-99
JT0531,531,厚労省編職業分類１,06_043-99
JT0531,531,主な日本標準職業分類,C319
JT0531,531,日本標準職業分類１,C319
JT0532,532,主な厚労省編職業分類,13_082-01
JT0532,532,厚労省編職業分類１,13_082-01
JT0532,532,主な日本標準職業分類,K705
JT0532,532,日本標準職業分類１,K705
JT0533,533,主な厚労省編職業分類,02_010-99
JT0533,533,厚労省編職業分類１,02_010-99
JT0533,533,主な日本標準職業分類,B109
JT0533,533,日本標準職業分類１,B109
JT0534,534,主な厚労省編職業分類,03_020-99
JT0534,534,厚労省編職業分類１,03_020-99
JT0534,534,主な日本標準職業分類,B249
JT0534,534,日本標準職業分類１,B249
JT0535,535,主な厚労省編職業分類,12_075-02
JT0535,535,厚労省編職業分類１,12_075-02
JT0535,535,主な日本標準職業分類,H552
JT0535,535,日本標準職業分類１,H552
JT0536,536,主な厚労省編職業分類,01_002-01
JT0536,536,厚労省編職業分類１,01_003-01
JT0536,536,厚労省編職業分類２,01_002-01
JT0536,536,厚労省編職業分類３,01_002-99
JT0536,536,主な日本標準職業分類,A031
JT0536,536,日本標準職業分類１,A012
JT0536,536,日本標準職業分類２,A013
JT0536,536,日本標準職業分類３,A031
JT0536,536,日本標準職業分類４,A032
JT0536,536,日本標準職業分類５,A039
JT0537,537,主な厚労省編職業分類,01_002-01
JT0537,537,厚労省編職業分類１,01_003-01
JT0537,537,厚労省編職業分類２,01_002-01
JT0537,537,厚労省編職業分類３,01_002-99
JT0537,537,主な日本標準職業分類,A031
JT0537,537,日本標準職業分類１,A012
JT0537,537,日本標準職業分類２,A013
JT0537,537,日本標準職業分類３,A031
JT0537,537,日本標準職業分類４,A032
JT0537,537,日本標準職業分類５,A039
JT0538,538,主な厚労省編職業分類,01_002-01
JT0538,538,厚労省編職業分類１,01_003-01
JT0538,538,厚労省編職業分類２,01_002-01
JT0538,538,厚労省編職業分類３,01_002-99
JT0538,538,主な日本標準職業分類,A031
JT0538,538,日本標準職業分類１,A012
JT0538,538,日本標準職業分類２,A013
JT0538,538,日本標準職業分類３,A031
JT0538,538,日本標準職業分類４,A032
JT0538,538,日本標準職業分類５,A039
JT0539,539,主な厚労省編職業分類,01_002-01
JT0539,539,厚労省編職業分類１,01_002-01
JT0539,539,厚労省編職業分類２,01_002-99
JT0539,539,主な日本標準職業分類,A031
JT0539,539,日本標準職業分類１,A031
JT0539,539,日本標準職業分類２,A032
JT0539,539,日本標準職業分類３,A039
JT0540,540,主な厚労省編職業分類,02_009-99
JT0540,540,厚労省編職業分類１,02_009-99
JT0540,540,厚労省編職業分類２,06_043-99
JT0540,540,主な日本標準職業分類,B104
JT0540,540,日本標準職業分類１,C313
JT0540,540,日本標準職業分類２,C319
JT0540,540,日本標準職業分類３,B104
JT0541,541,主な厚労省編職業分類,03_018-02
JT0541,541,厚労省編職業分類１,03_018-02
JT0541,541,主な日本標準職業分類,B233
JT0541,541,日本標準職業分類１,B233
JT0542,542,主な厚労省編職業分類,06_039-02
JT0542,542,厚労省編職業分類１,06_039-02
JT0542,542,主な日本標準職業分類,C272
JT0542,542,日本標準職業分類１,C272
JT0543,543,主な厚労省編職業分類,06_042-03
JT0543,543,厚労省編職業分類１,06_042-03
JT0543,543,主な日本標準職業分類,C303
JT0543,543,日本標準職業分類１,C303
JT0544,544,主な厚労省編職業分類,07_046-01
JT0544,544,厚労省編職業分類１,07_046-01
JT0544,544,厚労省編職業分類２,06_033-03
JT0544,544,主な日本標準職業分類,D326
JT0544,544,日本標準職業分類１,C253
JT0544,544,日本標準職業分類２,D326
JT0545,545,主な厚労省編職業分類,04_028-02
JT0545,545,厚労省編職業分類１,04_028-02
JT0545,545,厚労省編職業分類２,06_034-03
JT0545,545,主な日本標準職業分類,E372
JT0545,545,日本標準職業分類１,C254
JT0545,545,日本標準職業分類２,E372
JT0546,546,主な厚労省編職業分類,05_030-03
JT0546,546,厚労省編職業分類１,05_030-03
JT0546,546,主な日本標準職業分類,E429
JT0546,546,日本標準職業分類１,E429
JT0547,547,主な厚労省編職業分類,12_071-08
JT0547,547,厚労省編職業分類１,12_071-08
JT0547,547,厚労省編職業分類２,12_074-12
JT0547,547,厚労省編職業分類３,12_080-02
JT0547,547,厚労省編職業分類４,14_091-06
JT0547,547,厚労省編職業分類５,14_094-05
JT0547,547,主な日本標準職業分類,H525
JT0547,547,日本標準職業分類１,H544
JT0547,547,日本標準職業分類２,H591
JT0547,547,日本標準職業分類３,J666
JT0547,547,日本標準職業分類４,J679
JT0547,547,日本標準職業分類５,H525
JT0548,548,主な厚労省編職業分類,12_077-01
JT0548,548,厚労省編職業分類１,12_077-01
JT0548,548,厚労省編職業分類２,12_077-02
JT0548,548,主な日本標準職業分類,H573
JT0548,548,日本標準職業分類１,H574
JT0548,548,日本標準職業分類２,H573
JT0549,549,主な厚労省編職業分類,13_089-04
JT0549,549,厚労省編職業分類１,13_089-04
JT0549,549,厚労省編職業分類２,13_089-05
JT0549,549,主な日本標準職業分類,I643
JT0549,549,日本標準職業分類１,I645
JT0549,549,日本標準職業分類２,I643
JT0550,550,主な厚労省編職業分類,02_006-05
JT0550,550,厚労省編職業分類１,02_006-05
JT0550,550,主な日本標準職業分類,B075
JT0550,550,日本標準職業分類１,B075
JT0551,551,主な厚労省編職業分類,02_008-01
JT0551,551,厚労省編職業分類１,02_008-01
JT0551,551,厚労省編職業分類２,02_008-04
JT0551,551,厚労省編職業分類３,02_006-03
JT0551,551,主な日本標準職業分類,B091
JT0551,551,日本標準職業分類１,B091
JT0551,551,日本標準職業分類２,B092
JT0551,551,日本標準職業分類３,B073
JT0552,552,主な厚労省編職業分類,02_009-99
JT0552,552,厚労省編職業分類１,02_009-99
JT0552,552,主な日本標準職業分類,B104
JT0552,552,日本標準職業分類１,B104
JT0553,553,主な厚労省編職業分類,06_035-99
JT0553,553,厚労省編職業分類１,06_035-99
JT0553,553,主な日本標準職業分類,C259
JT0553,553,日本標準職業分類１,C259
JT0554,554,主な厚労省編職業分類,06_033-03
JT0554,554,厚労省編職業分類１,06_033-03
JT0554,554,主な日本標準職業分類,C253
JT0554,554,日本標準職業分類１,C253
JT0555,555,主な厚労省編職業分類,08_049-08
JT0555,555,厚労省編職業分類１,08_049-08
JT0555,555,主な日本標準職業分類,B169
JT0555,555,日本標準職業分類１,B169
JT0556,556,主な厚労省編職業分類,09_058-99
JT0556,556,厚労省編職業分類１,09_058-99
JT0556,556,主な日本標準職業分類,E429
JT0556,556,日本標準職業分類１,E429
JT0557,557,主な厚労省編職業分類,12_071-05
JT0557,557,厚労省編職業分類１,12_071-05
JT0557,557,主な日本標準職業分類,H523
JT0557,557,日本標準職業分類１,H523
JT0558,558,主な厚労省編職業分類,12_071-09
JT0558,558,厚労省編職業分類１,12_071-09
JT0558,558,主な日本標準職業分類,H553
JT0558,558,日本標準職業分類１,H553
JT0559,559,主な厚労省編職業分類,12_074-02
JT0559,559,厚労省編職業分類１,12_074-02
JT0559,559,主な日本標準職業分類,H542
JT0559,559,日本標準職業分類１,H542
JT0560,560,主な厚労省編職業分類,02_004-02
JT0560,560,厚労省編職業分類１,02_004-02
JT0560,560,主な日本標準職業分類,B052
JT0560,560,日本標準職業分類１,B052
JT0561,561,主な厚労省編職業分類,02_006-05
JT0561,561,厚労省編職業分類１,02_006-05
JT0561,561,主な日本標準職業分類,B075
JT0561,561,日本標準職業分類１,B075
JT0562,562,主な厚労省編職業分類,03_020-99
JT0562,562,厚労省編職業分類１,03_020-99
JT0562,562,主な日本標準職業分類,B249
JT0562,562,日本標準職業分類１,B249
JT0563,563,主な厚労省編職業分類,04_021-01
JT0563,563,厚労省編職業分類１,04_021-01
JT0563,563,主な日本標準職業分類,B121
JT0563,563,日本標準職業分類１,B121
JT0564,564,主な厚労省編職業分類,04_023-99
JT0564,564,厚労省編職業分類１,04_023-99
JT0564,564,主な日本標準職業分類,B133
JT0564,564,日本標準職業分類１,B133
JT0565,565,主な厚労省編職業分類,05_031-01
JT0565,565,厚労省編職業分類１,05_029-02
JT0565,565,厚労省編職業分類２,05_031-01
JT0565,565,厚労省編職業分類３,05_031-02
JT0565,565,厚労省編職業分類４,05_031-03
JT0565,565,厚労省編職業分類５,05_031-04
JT0565,565,厚労省編職業分類６,05_031-06
JT0565,565,主な日本標準職業分類,B192
JT0565,565,日本標準職業分類１,B191
JT0565,565,日本標準職業分類２,B192
JT0565,565,日本標準職業分類３,B193
JT0565,565,日本標準職業分類４,B194
JT0565,565,日本標準職業分類５,B196
JT0566,566,主な厚労省編職業分類,06_033-03
JT0566,566,厚労省編職業分類１,06_033-03
JT0566,566,主な日本標準職業分類,C253
JT0566,566,日本標準職業分類１,C253
JT0567,567,主な厚労省編職業分類,06_035-99
JT0567,567,厚労省編職業分類１,06_035-99
JT0567,567,主な日本標準職業分類,C259
JT0567,567,日本標準職業分類１,C259
JT0568,568,主な厚労省編職業分類,08_049-09
JT0568,568,厚労省編職業分類１,08_049-09
JT0568,568,主な日本標準職業分類,B169
JT0568,568,日本標準職業分類１,B169
JT0569,569,主な厚労省編職業分類,09_058-06
JT0569,569,厚労省編職業分類１,09_058-06
JT0569,569,主な日本標準職業分類,E425
JT0569,569,日本標準職業分類１,E425
JT0570,570,主な厚労省編職業分類,02_008-03
JT0570,570,厚労省編職業分類１,02_008-03
JT0570,570,主な日本標準職業分類,B091
JT0570,570,日本標準職業分類１,B091
JT0571,571,主な厚労省編職業分類,02_011-99
JT0571,571,厚労省編職業分類１,02_011-99
JT0571,571,主な日本標準職業分類,B119
JT0571,571,日本標準職業分類１,B119
JT0572,572,主な厚労省編職業分類,02_008-06
JT0572,572,厚労省編職業分類１,02_008-06
JT0572,572,主な日本標準職業分類,B092
JT0572,572,日本標準職業分類１,B092
JT0573,573,主な厚労省編職業分類,03_018-01
JT0573,573,厚労省編職業分類１,03_018-01
JT0573,573,主な日本標準職業分類,B231
JT0573,573,日本標準職業分類１,B231
JT0574,574,主な厚労省編職業分類,03_019-03
JT0574,574,厚労省編職業分類１,03_019-03
JT0574,574,厚労省編職業分類２,06_035-99
JT0574,574,主な日本標準職業分類,B243
JT0574,574,日本標準職業分類１,B243
JT0574,574,日本標準職業分類２,C259
JT0575,575,主な厚労省編職業分類,04_021-01
JT0575,575,厚労省編職業分類１,04_021-01
JT0575,575,主な日本標準職業分類,B121
JT0575,575,日本標準職業分類１,B121
JT0576,576,主な厚労省編職業分類,04_027-99
JT0576,576,厚労省編職業分類１,04_027-99
JT0576,576,主な日本標準職業分類,B159
JT0576,576,日本標準職業分類１,B159
JT0577,577,主な厚労省編職業分類,06_033-03
JT0577,577,厚労省編職業分類１,06_033-03
JT0577,577,厚労省編職業分類２,07_048-99
JT0577,577,主な日本標準職業分類,C253
JT0577,577,日本標準職業分類１,C253
JT0577,577,日本標準職業分類２,D349
JT0578,578,主な厚労省編職業分類,10_063-99
JT0578,578,厚労省編職業分類１,10_063-99
JT0578,578,主な日本標準職業分類,F459
JT0578,578,日本標準職業分類１,F459
JT0579,579,主な厚労省編職業分類,12_079-03
JT0579,579,厚労省編職業分類１,12_075-03
JT0579,579,厚労省編職業分類２,12_079-03
JT0579,579,主な日本標準職業分類,H583
JT0579,579,日本標準職業分類１,H553
JT0579,579,日本標準職業分類２,H583
JT0580,580,主な厚労省編職業分類,08_049-09
JT0580,580,厚労省編職業分類１,08_049-09
JT0580,580,主な日本標準職業分類,B169
JT0580,580,日本標準職業分類１,B169
JT0581,581,主な厚労省編職業分類,02_009-01
JT0581,581,厚労省編職業分類１,02_009-01
JT0581,581,厚労省編職業分類２,02_010-99
JT0581,581,主な日本標準職業分類,B104
JT0581,581,日本標準職業分類１,B104
JT0581,581,日本標準職業分類２,B109
JT0582,582,主な厚労省編職業分類,03_018-02
JT0582,582,厚労省編職業分類１,03_018-02
JT0582,582,主な日本標準職業分類,B233
JT0582,582,日本標準職業分類１,B233
JT0583,583,主な厚労省編職業分類,04_021-01
JT0583,583,厚労省編職業分類１,04_021-01
JT0583,583,主な日本標準職業分類,B121
JT0583,583,日本標準職業分類１,B121
JT0584,584,主な厚労省編職業分類,12_080-05
JT0584,584,厚労省編職業分類１,12_073-99
JT0584,584,厚労省編職業分類２,12_080-05
JT0584,584,主な日本標準職業分類,H591
JT0584,584,日本標準職業分類１,H539
JT0584,584,日本標準職業分類２,H591
